icd10,icd10term,site,osteosite
M48.4,Fatigue fracture of vertebra,Spine,
M48.5,Collapsed vertebra not elsewhere classified,Spine,Vertebra
M80.0,Postmenopausal osteoporosis with pathological fracture,Unspecified,Any OP site
M80.2,Osteoporosis of disuse with pathological fracture,Unspecified,Any OP site
M80.4,Drug-induced osteoporosis with pathological fracture,Unspecified,Any OP site
M80.5,Idiopathic osteoporosis with pathological fracture,Unspecified,Any OP site
M80.8,Other osteoporosis with pathological fracture,Unspecified,Any OP site
M80.9,Unspecified osteoporosis with pathological fracture,Unspecified,Any OP site
M84.0,Malunion of fracture,Outcome,
M84.1,Nonunion of fracture (pseudoarthrosis),Outcome,
M84.2,Delayed union of fracture,Outcome,
M84.3,Stress fracture not elsewhere classified,Unspecified,
M84.4,Pathological fracture not elsewhere classified,Unspecified,
S02,Fracture of skull and facial bones,Fracture of skull and facial bones,
S02.0,Fracture of vault of skull,Fracture of skull and facial bones,
S02.1,Fracture of base of skull,Fracture of skull and facial bones,
S02.2,Fracture of nasal bones,Fracture of skull and facial bones,
S02.3,Fracture of orbital floor,Fracture of skull and facial bones,
S02.4,Fracture of malar and maxillary bone,Fracture of skull and facial bones,
S02.6,Fracture of mandible,Fracture of skull and facial bones,
S02.7,Multiple fractures involving skull and facial bones,Fracture of skull and facial bones,
S02.8,Fractures of other skull and facial bones,Fracture of skull and facial bones,
S02.9,"Fracture of skull and facial bones, part unspecified",Fracture of skull and facial bones,
S12,Fracture of neck,Fracture of neck,
S12.0,Fracture of first cervical vertebra,Fracture of neck,
S12.1,Fracture of second cervical vertebra,Fracture of neck,
S12.2,Fracture of other specified cervical vertebra,Fracture of neck,
S12.7,Multiple fractures of cervical spine,Fracture of neck,
S12.9,"Fracture of neck, part unspecified",Fracture of neck,
S22,"Fracture of rib(s), sternum and thoracic spine","Fracture of rib(s), sternum and thoracic spine",
S22.0,Fracture of thoracic vertebra,"Fracture of rib(s), sternum and thoracic spine",Vertebra
S22.1,Multiple fractures of thoracic spine,"Fracture of rib(s), sternum and thoracic spine",
S22.2,Fracture of sternum,"Fracture of rib(s), sternum and thoracic spine",
S22.3,Fracture of rib,"Fracture of rib(s), sternum and thoracic spine",
S22.4,Multiple fractures of ribs,"Fracture of rib(s), sternum and thoracic spine",
S22.5,Flail chest,"Fracture of rib(s), sternum and thoracic spine",
S22.8,Fracture of other parts of bony thorax,"Fracture of rib(s), sternum and thoracic spine",
S22.9,"Fracture of bony thorax, part unspecified","Fracture of rib(s), sternum and thoracic spine",
S32,Fracture of lumbar spine and pelvis,Fracture of lumbar spine and pelvis,
S32.0,Fracture of lumbar vertebra,Fracture of lumbar spine and pelvis,Vertebra
S32.1,Fracture of sacrum,Fracture of lumbar spine and pelvis,
S32.2,Fracture of coccyx,Fracture of lumbar spine and pelvis,
S32.3,Fracture of ilium,Fracture of lumbar spine and pelvis,
S32.4,Fracture of acetabulum,Fracture of lumbar spine and pelvis,
S32.5,Fracture of pubis,Fracture of lumbar spine and pelvis,
S32.7,Multiple fractures of lumbar spine and pelvis,Fracture of lumbar spine and pelvis,
S32.8,Fracture of other unspecified parts of lumbar spine and pelvis,Fracture of lumbar spine and pelvis,
S42,Fracture of shoulder and upper arm,Fracture of shoulder and upper arm,
S42.0,Fracture of clavicle,Fracture of shoulder and upper arm,
S42.1,Fracture of scapula,Fracture of shoulder and upper arm,
S42.2,Fracture of upper end of humerus,Fracture of shoulder and upper arm,Shoulder
S42.3,Fracture of shaft of humerus,Fracture of shoulder and upper arm,
S42.4,Fracture of lower end of humerus,Fracture of shoulder and upper arm,
S42.7,"Multiple fractures of clavicle, scapula and humerus",Fracture of shoulder and upper arm,
S42.8,Fracture of other parts of shoulder and upper arm,Fracture of shoulder and upper arm,
S42.9,"Fracture of shoulder girdle, part unspecified",Fracture of shoulder and upper arm,Shoulder
S52,Fracture of forearm,Fracture of forearm,
S52.0,Fracture of upper end of ulna,Fracture of forearm,
S52.1,Fracture of upper end of radius,Fracture of forearm,
S52.2,Fracture of shaft of ulna,Fracture of forearm,
S52.3,Fracture of shaft of radius,Fracture of forearm,
S52.4,Fracture of shafts of both ulna and radius,Fracture of forearm,
S52.5,Fracture of lower end of radius,Fracture of forearm,Wrist
S52.6,Fracture of lower end of both ulna and radius,Fracture of forearm,Wrist
S52.7,Multiple fractures of forearm,Fracture of forearm,
S52.8,Fracture of other parts of forearm,Fracture of forearm,
S52.9,"Fracture of forearm, part unspecified",Fracture of forearm,Wrist
S62,Fracture at wrist and hand level,Fracture at wrist and hand level,
S62.0,Fracture of navicular [scaphoid] bone of hand,Fracture at wrist and hand level,
S62.1,Fracture of other carpal bone(s),Fracture at wrist and hand level,
S62.2,Fracture of first metacarpal bone,Fracture at wrist and hand level,
S62.3,Fracture of other metacarpal bone,Fracture at wrist and hand level,
S62.4,Multiple fractures of metacarpal bones,Fracture at wrist and hand level,
S62.5,Fracture of thumb,Fracture at wrist and hand level,
S62.6,Fracture of other finger,Fracture at wrist and hand level,
S62.7,Multiple fractures of fingers,Fracture at wrist and hand level,
S62.8,Fracture of other and unspecified parts of wrist and hand,Fracture at wrist and hand level,
S72,Fracture of femur,Fracture of femur,
S72.0,Fracture of neck of femur,Fracture of femur,Hip
S72.1,Pertrochanteric fracture,Fracture of femur,Hip
S72.2,Subtrochanteric fracture,Fracture of femur,Hip
S72.3,Fracture of shaft of femur,Fracture of femur,
S72.4,Fracture of lower end of femur,Fracture of femur,
S72.7,Multiple fractures of femur,Fracture of femur,
S72.8,Fractures of other parts of femur,Fracture of femur,
S72.9,"Fracture of femur, part unspecified",Fracture of femur,
S82,"Fracture of lower leg, including ankle","Fracture of lower leg, including ankle",
S82.0,Fracture of patella,"Fracture of lower leg, including ankle",
S82.1,Fracture of upper end of tibia,"Fracture of lower leg, including ankle",
S82.2,Fracture of shaft of tibia,"Fracture of lower leg, including ankle",
S82.3,Fracture of lower end of tibia,"Fracture of lower leg, including ankle",
S82.4,Fracture of fibula alone,"Fracture of lower leg, including ankle",
S82.5,Fracture of medial malleolus,"Fracture of lower leg, including ankle",
S82.6,Fracture of lateral malleolus,"Fracture of lower leg, including ankle",
S82.7,Multiple fractures of lower leg,"Fracture of lower leg, including ankle",
S82.8,Fractures of other parts of lower leg,"Fracture of lower leg, including ankle",
S82.9,"Fracture of lower leg, part unspecified","Fracture of lower leg, including ankle",
S92,"Fracture of foot, except ankle","Fracture of foot, except ankle",
S92.0,Fracture of calcaneus,"Fracture of foot, except ankle",
S92.1,Fracture of talus,"Fracture of foot, except ankle",
S92.2,Fracture of other tarsal bones,"Fracture of foot, except ankle",
S92.3,Fracture of metatarsal bone,"Fracture of foot, except ankle",
S92.4,Fracture of great toe,"Fracture of foot, except ankle",
S92.5,Fracture of other toe,"Fracture of foot, except ankle",
S92.7,Multiple fractures of foot,"Fracture of foot, except ankle",
S92.9,"Fracture of foot, unspecified","Fracture of foot, except ankle",
T02,Fractures involving multiple body regions,Fractures involving multiple body regions,
T02.0,Fractures involving head with neck,Fractures involving multiple body regions,
T02.1,Fractures involving thorax with lower back and pelvis,Fractures involving multiple body regions,
T02.2,Fractures involving multiple regions of one upper limb,Fractures involving multiple body regions,
T02.3,Fractures involving multiple regions of one lower limb,Fractures involving multiple body regions,
T02.4,Fractures involving multiple regions of both upper limbs,Fractures involving multiple body regions,
T02.5,Fractures involving multiple regions of both lower limbs,Fractures involving multiple body regions,
T02.6,Fractures involving multiple regions of upper limb(s) with lower limb(s),Fractures involving multiple body regions,
T02.7,Fractures involving thorax with lower back and pelvis with limb(s),Fractures involving multiple body regions,
T02.8,Fractures involving other combinations of body regions,Fractures involving multiple body regions,
T02.9,"Multiple fractures, unspecified",Fractures involving multiple body regions,
T08,"Fracture of spine, level unspecified",Spine,
T10,"Fracture of upper limb, level unspecified",Upper limb,
T12,"Fracture of lower limb, level unspecified",lower limb,
T14.2,Fracture of unspecified body region,Unspecified,
