prodcodeid,dmdcode,termfromemis,productname,drugsubstancename,substancestrength,formulation,routeofadministration,bnfcode,release
5077141000033117,15457711000001104,Valdoxan 25mg tablets (Servier Laboratories Ltd),Valdoxan 25mg tablets,Agomelatine,25.000mg,Tablet,Oral,4030400,4030400
5077041000033116,15499111000001100,Agomelatine 25mg tablets,Agomelatine 25mg tablets,Agomelatine,25.000mg,Tablet,Oral,4030400,4030400
60441000033116,321745007,Amitriptyline 10mg tablets,Amitriptyline 10mg tablets,Amitriptyline hydrochloride,10.000mg,Tablet,Oral,7040200,7040200
60641000033119,321746008,Amitriptyline 25mg tablets,Amitriptyline 25mg tablets,Amitriptyline hydrochloride,25.000mg,Tablet,Oral,7040200,7040200
60541000033115,321747004,Amitriptyline 50mg tablets,Amitriptyline 50mg tablets,Amitriptyline hydrochloride,50.000mg,Tablet,Oral,7040200,7040200
3180441000033118,321929002,Amitriptyline 25mg / Perphenazine 2mg tablets,Amitriptyline 25mg / Perphenazine 2mg tablets,Amitriptyline hydrochloride/ Perphenazine,25.000mg + 2.000mg,Tablet,Oral,4030100,4030100
3180541000033117,321930007,Amitriptyline 10mg / Perphenazine 2mg tablets,Amitriptyline 10mg / Perphenazine 2mg tablets,Amitriptyline hydrochloride/ Perphenazine,10.000mg + 2.000mg,Tablet,Oral,4030100,4030100
1473441000033111,479411000001101,Triptafen-M tablets (Mercury Pharma Group Ltd),Triptafen-M tablets,Amitriptyline hydrochloride/ Perphenazine,10.000mg + 2.000mg,Tablet,Oral,,
1473341000033117,514611000001101,Triptafen tablets (Advanz Pharma),Triptafen tablets,Amitriptyline hydrochloride/ Perphenazine,25.000mg + 2.000mg,Tablet,Oral,4030100,4030100
819841000033110,4533611000001104,Lentizol 50mg modified-release capsules (Pfizer Ltd),Lentizol 50mg modified-release capsules,Amitriptyline hydrochloride,50.000mg,Modified-release capsule,Oral,,
819741000033117,4534311000001106,Lentizol 25mg modified-release capsules (Pfizer Ltd),Lentizol 25mg modified-release capsules,Amitriptyline hydrochloride,25.000mg,Modified-release capsule,Oral,,
5888641000033118,8277811000001102,Amitriptyline 10mg/5ml oral suspension,Amitriptyline 10mg/5ml oral suspension,Amitriptyline hydrochloride,2.000mg/1.000ml,Oral suspension,Oral,,
5490141000033118,13892411000001104,Amitriptyline 10mg/5ml oral solution,Amitriptyline 10mg/5ml oral solution,Amitriptyline hydrochloride,2.000mg/1.000ml,Oral solution,Oral,,
10332441000033118,29686711000001103,Amitriptyline 10mg/5ml oral solution sugar free,Amitriptyline 10mg/5ml oral solution sugar free,Amitriptyline hydrochloride,2.000mg/1.000ml,Oral solution,Oral,,
45841000033119,35901211000001108,Amitriptyline 25mg modified-release capsules,Amitriptyline 25mg modified-release capsules,Amitriptyline hydrochloride,25.000mg,Modified-release capsule,Oral,,
55441000033119,35901411000001107,Amitriptyline 25mg/5ml oral solution sugar free,Amitriptyline 25mg/5ml oral solution sugar free,Amitriptyline hydrochloride,5.000mg/1.000ml,Oral solution,Oral,7040200,7040200
45941000033110,35901511000001106,Amitriptyline 50mg modified-release capsules,Amitriptyline 50mg modified-release capsules,Amitriptyline hydrochloride,50.000mg,Modified-release capsule,Oral,,
55541000033118,35901611000001105,Amitriptyline 50mg/5ml oral solution sugar free,Amitriptyline 50mg/5ml oral solution sugar free,Amitriptyline hydrochloride,10.000mg/1.000ml,Oral solution,Oral,7040200,7040200
259241000033111,321987003,Citalopram 20mg tablets,Citalopram 20mg tablets,Citalopram hydrobromide,20.000mg,Tablet,Oral,4030300,4030300
1583341000033118,321989000,Citalopram 10mg tablets,Citalopram 10mg tablets,Citalopram hydrobromide,10.000mg,Tablet,Oral,4030300,4030300
1583141000033116,321991008,Citalopram 40mg tablets,Citalopram 40mg tablets,Citalopram hydrobromide,40.000mg,Tablet,Oral,4030300,4030300
1900641000033112,321994000,Citalopram 40mg/ml oral drops sugar free,Citalopram 40mg/ml oral drops sugar free,Citalopram hydrochloride,40.000mg/1.000ml,Oral drops,Oral,4030300,4030300
2749541000033116,407915000,Escitalopram 10mg tablets,Escitalopram 10mg tablets,Escitalopram oxalate,10.000mg,Tablet,Oral,4030300,4030300
2951341000033116,408067001,Escitalopram 20mg tablets,Escitalopram 20mg tablets,Escitalopram oxalate,20.000mg,Tablet,Oral,4030300,4030300
3030341000033110,409150001,Escitalopram 5mg tablets,Escitalopram 5mg tablets,Escitalopram oxalate,5.000mg,Tablet,Oral,4030300,4030300
1900741000033115,1211000001102,Cipramil 40mg/ml drops (Lundbeck Ltd),Cipramil 40mg/ml drops,Citalopram hydrochloride,40.000mg/1.000ml,Oral drops,Oral,4030300,4030300
1583241000033111,62511000001109,Cipramil 10mg tablets (Lundbeck Ltd),Cipramil 10mg tablets,Citalopram hydrobromide,10.000mg,Tablet,Oral,4030300,4030300
1583041000033115,695611000001105,Cipramil 40mg tablets (Lundbeck Ltd),Cipramil 40mg tablets,Citalopram hydrobromide,40.000mg,Tablet,Oral,4030300,4030300
259141000033116,847211000001102,Cipramil 20mg tablets (Lundbeck Ltd),Cipramil 20mg tablets,Citalopram hydrobromide,20.000mg,Tablet,Oral,4030300,4030300
2749641000033115,3388511000001100,Cipralex 10mg tablets (Lundbeck Ltd),Cipralex 10mg tablets,Escitalopram oxalate,10.000mg,Tablet,Oral,4030300,4030300
2951441000033110,4942511000001102,Cipralex 20mg tablets (Lundbeck Ltd),Cipralex 20mg tablets,Escitalopram oxalate,20.000mg,Tablet,Oral,4030300,4030300
3030541000033115,7331811000001105,Cipralex 5mg tablets (Lundbeck Ltd),Cipralex 5mg tablets,Escitalopram oxalate,5.000mg,Tablet,Oral,4030300,4030300
3928941000033119,10364011000001102,Cipralex 10mg/ml oral drops (Lundbeck Ltd),Cipralex 10mg/ml oral drops,Escitalopram oxalate,10.000mg/1.000ml,Oral drops,Oral,4030300,4030300
3928841000033110,10364811000001108,Escitalopram 10mg/ml oral drops sugar free,Escitalopram 10mg/ml oral drops sugar free,Escitalopram oxalate,10.000mg/1.000ml,Oral drops,Oral,4030300,4030300
5128641000033118,15453311000001105,Cipralex 20mg/ml oral drops (Lundbeck Ltd),Cipralex 20mg/ml oral drops,Escitalopram oxalate,20.000mg/1.000ml,Oral drops,Oral,,
5128541000033119,15499311000001103,Escitalopram 20mg/ml oral drops sugar free,Escitalopram 20mg/ml oral drops sugar free,Escitalopram oxalate,20.000mg/1.000ml,Oral drops,Oral,,
262041000033115,321785001,Clomipramine 10mg capsules,Clomipramine 10mg capsules,Clomipramine hydrochloride,10.000mg,Capsule,Oral,4030100,4030100
262141000033116,321786000,Clomipramine 25mg capsules,Clomipramine 25mg capsules,Clomipramine hydrochloride,25.000mg,Capsule,Oral,4030100,4030100
262241000033111,321787009,Clomipramine 50mg capsules,Clomipramine 50mg capsules,Clomipramine hydrochloride,50.000mg,Capsule,Oral,4030100,4030100
62141000033113,5511000001101,Anafranil 50mg capsules (Novartis Pharmaceuticals UK Ltd),Anafranil 50mg capsules,Clomipramine hydrochloride,50.000mg,Capsule,Oral,,
70241000033114,119411000001107,Anafranil SR 75mg tablets (Novartis Pharmaceuticals UK Ltd),Anafranil SR 75mg tablets,Clomipramine hydrochloride,75.000mg,Modified-release tablet,Oral,,
62041000033114,647111000001102,Anafranil 25mg capsules (Novartis Pharmaceuticals UK Ltd),Anafranil 25mg capsules,Clomipramine hydrochloride,25.000mg,Capsule,Oral,,
61941000033115,701211000001104,Anafranil 10mg capsules (Novartis Pharmaceuticals UK Ltd),Anafranil 10mg capsules,Clomipramine hydrochloride,10.000mg,Capsule,Oral,,
68641000033117,4534911000001107,Anafranil 25mg/5ml syrup (Novartis Pharmaceuticals UK Ltd),Anafranil 25mg/5ml syrup,Clomipramine hydrochloride,5.000mg/1.000ml,Oral solution,Oral,,
284741000033110,4557811000001105,Clomipramine 25mg/5ml oral solution,Clomipramine 25mg/5ml oral solution,Clomipramine hydrochloride,5.000mg/1.000ml,Oral solution,Oral,,
4431541000033115,8377611000001108,Clomipramine 50mg/5ml oral suspension,Clomipramine 50mg/5ml oral suspension,Clomipramine hydrochloride,10.000mg/1.000ml,Oral suspension,Oral,,
285741000033111,36089111000001109,Clomipramine 75mg modified-release tablets,Clomipramine 75mg modified-release tablets,Clomipramine hydrochloride,75.000mg,Modified-release tablet,Oral,,
3088941000033118,321805008,Dosulepin 25mg capsules,Dosulepin 25mg capsules,Dosulepin hydrochloride,25.000mg,Capsule,Oral,4030100,4030100
3089041000033110,321806009,Dosulepin 75mg tablets,Dosulepin 75mg tablets,Dosulepin hydrochloride,75.000mg,Tablet,Oral,4030100,4030100
472141000033110,14911000001107,Dothapax 25 capsules (Ashbourne Pharmaceuticals Ltd),Dothapax 25 capsules,Dosulepin hydrochloride,25.000mg,Capsule,Oral,4030100,4030100
1111541000033117,208811000001101,Prothiaden 25mg capsules (Teofarma),Prothiaden 25mg capsules,Dosulepin hydrochloride,25.000mg,Capsule,Oral,4030100,4030100
1135941000033116,329511000001107,Prepadine 75mg tablets (Teva UK Ltd),Prepadine 75mg tablets,Dosulepin hydrochloride,75.000mg,Tablet,Oral,4030100,4030100
1111641000033116,397711000001101,Prepadine 25mg capsules (Teva UK Ltd),Prepadine 25mg capsules,Dosulepin hydrochloride,25.000mg,Capsule,Oral,4030100,4030100
1135541000033110,733111000001103,Prothiaden 75mg tablets (Teofarma),Prothiaden 75mg tablets,Dosulepin hydrochloride,75.000mg,Tablet,Oral,4030100,4030100
479641000033111,927011000001104,Dothapax 75 tablets (Ashbourne Pharmaceuticals Ltd),Dothapax 75 tablets,Dosulepin hydrochloride,75.000mg,Tablet,Oral,4030100,4030100
5992241000033114,8454011000001104,Dosulepin 75mg/5ml oral suspension,Dosulepin 75mg/5ml oral suspension,Dosulepin hydrochloride,15.000mg/1.000ml,Oral suspension,Oral,,
3089241000033119,8454111000001103,Dosulepin 75mg/5ml oral solution,Dosulepin 75mg/5ml oral solution,Dosulepin hydrochloride,15.000mg/1.000ml,Oral solution,Oral,,
5891041000033116,8454211000001109,Dosulepin 25mg/5ml oral suspension,Dosulepin 25mg/5ml oral suspension,Dosulepin hydrochloride,5.000mg/1.000ml,Oral suspension,Oral,,
3089141000033114,8454311000001101,Dosulepin 25mg/5ml oral solution,Dosulepin 25mg/5ml oral solution,Dosulepin hydrochloride,5.000mg/1.000ml,Oral solution,Oral,,
3226741000033119,416946001,Duloxetine 60mg gastro-resistant capsules,Duloxetine 60mg gastro-resistant capsules,Duloxetine hydrochloride,60.000mg,Gastro-resistant capsule,Oral,4030400,4030400
3226641000033111,417231005,Duloxetine 30mg gastro-resistant capsules,Duloxetine 30mg gastro-resistant capsules,Duloxetine hydrochloride,30.000mg,Gastro-resistant capsule,Oral,4030400,4030400
3177641000033112,8013111000001100,Duloxetine 20mg gastro-resistant capsules,Duloxetine 20mg gastro-resistant capsules,Duloxetine hydrochloride,20.000mg,Gastro-resistant capsule,Oral,7040200,7040200
3177741000033115,8013211000001106,Duloxetine 40mg gastro-resistant capsules,Duloxetine 40mg gastro-resistant capsules,Duloxetine hydrochloride,40.000mg,Gastro-resistant capsule,Oral,7040200,7040200
3177841000033113,8048811000001109,Yentreve 20mg gastro-resistant capsules (Eli Lilly and Company Ltd),Yentreve 20mg gastro-resistant capsules,Duloxetine hydrochloride,20.000mg,Gastro-resistant capsule,Oral,7040200,7040200
3177941000033117,8049111000001109,Yentreve 40mg gastro-resistant capsules (Eli Lilly and Company Ltd),Yentreve 40mg gastro-resistant capsules,Duloxetine hydrochloride,40.000mg,Gastro-resistant capsule,Oral,7040200,7040200
3226841000033112,9038411000001109,Cymbalta 30mg gastro-resistant capsules (Eli Lilly and Company Ltd),Cymbalta 30mg gastro-resistant capsules,Duloxetine hydrochloride,30.000mg,Gastro-resistant capsule,Oral,4030400,4030400
3226941000033116,9039311000001108,Cymbalta 60mg gastro-resistant capsules (Eli Lilly and Company Ltd),Cymbalta 60mg gastro-resistant capsules,Duloxetine hydrochloride,60.000mg,Gastro-resistant capsule,Oral,4030400,4030400
10701841000033115,30990411000001105,Duciltia 30mg gastro-resistant capsules (Aristo Pharma Ltd),Duciltia 30mg gastro-resistant capsules,Duloxetine hydrochloride,30.000mg,Gastro-resistant capsule,Oral,,
10701941000033111,30990611000001108,Duciltia 60mg gastro-resistant capsules (Aristo Pharma Ltd),Duciltia 60mg gastro-resistant capsules,Duloxetine hydrochloride,60.000mg,Gastro-resistant capsule,Oral,,
12475941000033119,35034711000001103,Depalta 30mg gastro-resistant capsules (Disposable Medical Equipment Ltd),Depalta 30mg gastro-resistant capsules,Duloxetine hydrochloride,30.000mg,Gastro-resistant capsule,Oral,,
12476041000033112,35035211000001106,Depalta 60mg gastro-resistant capsules (Disposable Medical Equipment Ltd),Depalta 60mg gastro-resistant capsules,Duloxetine hydrochloride,60.000mg,Gastro-resistant capsule,Oral,,
12989241000033116,36871311000001102,Dutor 20mg gastro-resistant capsules (Torrent Pharma (UK) Ltd),Dutor 20mg gastro-resistant capsules,Duloxetine hydrochloride,20.000mg,Gastro-resistant capsule,Oral,,
12989441000033115,36871511000001108,Dutor 30mg gastro-resistant capsules (Torrent Pharma (UK) Ltd),Dutor 30mg gastro-resistant capsules,Duloxetine hydrochloride,30.000mg,Gastro-resistant capsule,Oral,,
12989341000033114,36871711000001103,Dutor 40mg gastro-resistant capsules (Torrent Pharma (UK) Ltd),Dutor 40mg gastro-resistant capsules,Duloxetine hydrochloride,40.000mg,Gastro-resistant capsule,Oral,,
12989541000033119,36871911000001101,Dutor 60mg gastro-resistant capsules (Torrent Pharma (UK) Ltd),Dutor 60mg gastro-resistant capsules,Duloxetine hydrochloride,60.000mg,Gastro-resistant capsule,Oral,,
577841000033114,321949006,Fluoxetine 20mg capsules,Fluoxetine 20mg capsules,Fluoxetine hydrochloride,20.000mg,Capsule,Oral,4030300,4030300
2770641000033114,321951005,Fluoxetine 20mg/5ml oral solution,Fluoxetine 20mg/5ml oral solution,Fluoxetine hydrochloride,4.000mg/1.000ml,Oral solution,Oral,4030300,4030300
579041000033111,321954002,Fluoxetine 60mg capsules,Fluoxetine 60mg capsules,Fluoxetine hydrochloride,60.000mg,Capsule,Oral,4030300,4030300
11603841000033119,373959000,Fluoxetine 10mg capsules,Fluoxetine 10mg capsules,Fluoxetine hydrochloride,10.000mg,Capsule,Oral,,
6496341000033116,373965000,Fluoxetine 10mg tablets,Fluoxetine 10mg tablets,Fluoxetine hydrochloride,10.000mg,Tablet,Oral,,
11707541000033118,376803002,Fluoxetine 40mg capsules,Fluoxetine 40mg capsules,Fluoxetine hydrochloride,40.000mg,Capsule,Oral,,
1111941000033111,142311000001103,Prozac 60mg capsules (Eli Lilly and Company Ltd),Prozac 60mg capsules,Fluoxetine hydrochloride,60.000mg,Capsule,Oral,4030300,4030300
1923141000033118,456311000001103,Felicium 20mg capsules (Opus Pharmaceuticals Ltd),Felicium 20mg capsules,Fluoxetine hydrochloride,20.000mg,Capsule,Oral,,
1112441000033114,573011000001101,Prozac 20mg capsules (Eli Lilly and Company Ltd),Prozac 20mg capsules,Fluoxetine hydrochloride,20.000mg,Capsule,Oral,4030300,4030300
2710441000033119,683911000001104,Ranflutin 20mg capsules (Ranbaxy (UK) Ltd),Ranflutin 20mg capsules,Fluoxetine hydrochloride,20.000mg,Capsule,Oral,,
2602041000033119,689411000001109,Oxactin 20mg capsules (Discovery Pharmaceuticals),Oxactin 20mg capsules,Fluoxetine hydrochloride,20.000mg,Capsule,Oral,4030300,4030300
1129541000033110,695811000001109,Prozac 20mg/5ml liquid (Eli Lilly and Company Ltd),Prozac 20mg/5ml liquid,Fluoxetine hydrochloride,4.000mg/1.000ml,Oral solution,Oral,4030300,4030300
2770541000033113,10065611000001109,Prozit 20mg/5ml oral solution (Pinewood Healthcare),Prozit 20mg/5ml oral solution,Fluoxetine hydrochloride,4.000mg/1.000ml,Oral solution,Oral,,
4498641000033115,11581211000001101,Prozep 20mg/5ml oral solution (Chemidex Pharma Ltd),Prozep 20mg/5ml oral solution,Fluoxetine hydrochloride,4.000mg/1.000ml,Oral solution,Oral,,
5749441000033115,11590211000001106,Fluoxetine 20mg/5ml oral solution sugar free,Fluoxetine 20mg/5ml oral solution sugar free,Fluoxetine hydrochloride,4.000mg/1.000ml,Oral solution,Oral,,
9120741000033115,24397511000001101,Olena 20mg dispersible tablets (Advanz Pharma),Olena 20mg dispersible tablets,Fluoxetine hydrochloride,20.000mg,Dispersible tablet,Oral,4030300,4030300
9120641000033112,24407811000001108,Fluoxetine 20mg dispersible tablets sugar free,Fluoxetine 20mg dispersible tablets sugar free,Fluoxetine hydrochloride,20.000mg,Dispersible tablet,Oral,4030300,4030300
11707441000033119,32960811000001102,Fluoxetine 30mg capsules,Fluoxetine 30mg capsules,Fluoxetine hydrochloride,30.000mg,Capsule,Oral,,
595541000033113,321945000,Fluvoxamine 50mg tablets,Fluvoxamine 50mg tablets,Fluvoxamine maleate,50.000mg,Tablet,Oral,4030300,4030300
592841000033116,321947008,Fluvoxamine 100mg tablets,Fluvoxamine 100mg tablets,Fluvoxamine maleate,100.000mg,Tablet,Oral,4030300,4030300
563341000033115,542511000001103,Faverin 50mg tablets (Mylan),Faverin 50mg tablets,Fluvoxamine maleate,50.000mg,Tablet,Oral,4030300,4030300
561941000033115,595611000001101,Faverin 100mg tablets (Mylan),Faverin 100mg tablets,Fluvoxamine maleate,100.000mg,Tablet,Oral,4030300,4030300
755541000033119,321816001,Imipramine 10mg tablets,Imipramine 10mg tablets,Imipramine hydrochloride,10.000mg,Tablet,Oral,7040200,7040200
754241000033115,321817005,Imipramine 25mg tablets,Imipramine 25mg tablets,Imipramine hydrochloride,25.000mg,Tablet,Oral,4030100,4030100
1454741000033115,321886006,Trimipramine 50mg capsules,Trimipramine 50mg capsules,Trimipramine maleate,50.000mg,Capsule,Oral,4030100,4030100
1471341000033116,321887002,Trimipramine 10mg tablets,Trimipramine 10mg tablets,Trimipramine maleate,10.000mg,Tablet,Oral,4030100,4030100
1471441000033110,321888007,Trimipramine 25mg tablets,Trimipramine 25mg tablets,Trimipramine maleate,25.000mg,Tablet,Oral,4030100,4030100
1450841000033117,53511000001107,Tofranil 25mg tablets (Novartis Pharmaceuticals UK Ltd),Tofranil 25mg tablets,Imipramine hydrochloride,25.000mg,Tablet,Oral,,
1389441000033112,101711000001102,Surmontil 50mg capsules (Sanofi),Surmontil 50mg capsules,Trimipramine maleate,50.000mg,Capsule,Oral,4030100,4030100
1449441000033113,214311000001103,Tofranil 25mg/5ml syrup (Novartis Pharmaceuticals UK Ltd),Tofranil 25mg/5ml syrup,Imipramine hydrochloride,5.000mg/1.000ml,Oral solution,Oral,,
1396841000033119,498211000001103,Surmontil 25mg tablets (Sanofi),Surmontil 25mg tablets,Trimipramine maleate,25.000mg,Tablet,Oral,4030100,4030100
1396741000033112,908011000001108,Surmontil 10mg tablets (Sanofi),Surmontil 10mg tablets,Trimipramine maleate,10.000mg,Tablet,Oral,4030100,4030100
5454141000033118,16423411000001100,Imipramine 25mg/5ml oral solution sugar free,Imipramine 25mg/5ml oral solution sugar free,Imipramine hydrochloride,5.000mg/1.000ml,Oral solution,Oral,,
5328741000033117,36046511000001104,Imipramine 25mg/5ml oral solution,Imipramine 25mg/5ml oral solution,Imipramine hydrochloride,5.000mg/1.000ml,Oral solution,Oral,,
787141000033110,321908006,Isocarboxazid 10mg tablets,Isocarboxazid 10mg tablets,Isocarboxazid,10.000mg,Tablet,Oral,4030200,4030200
850141000033116,321835001,Lofepramine 70mg tablets,Lofepramine 70mg tablets,Lofepramine hydrochloride,70.000mg,Tablet,Oral,4030100,4030100
626241000033115,95011000001108,Gamanil 70mg tablets (Merck Serono Ltd),Gamanil 70mg tablets,Lofepramine hydrochloride,70.000mg,Tablet,Oral,,
2215541000033118,694011000001102,Feprapax 70mg tablets (Ashbourne Pharmaceuticals Ltd),Feprapax 70mg tablets,Lofepramine hydrochloride,70.000mg,Tablet,Oral,4030100,4030100
2078841000033114,4071311000001107,Lomont 70mg/5ml oral suspension (Rosemont Pharmaceuticals Ltd),Lomont 70mg/5ml oral suspension,Lofepramine hydrochloride,14.000mg/1.000ml,Oral suspension,Oral,4030100,4030100
5996641000033111,12812711000001104,Lofepramine 70mg/5ml oral solution,Lofepramine 70mg/5ml oral solution,Lofepramine hydrochloride,14.000mg/1.000ml,Oral solution,Oral,,
5996741000033119,12812811000001107,Lofepramine 70mg/5ml oral suspension,Lofepramine 70mg/5ml oral suspension,Lofepramine hydrochloride,14.000mg/1.000ml,Oral suspension,Oral,,
849241000033115,36040411000001100,Lofepramine 70mg/5ml oral suspension sugar free,Lofepramine 70mg/5ml oral suspension sugar free,Lofepramine hydrochloride,14.000mg/1.000ml,Oral suspension,Oral,4030100,4030100
917541000033110,321846003,Mianserin 10mg tablets,Mianserin 10mg tablets,Mianserin hydrochloride,10.000mg,Tablet,Oral,4030100,4030100
917641000033111,321847007,Mianserin 20mg tablets,Mianserin 20mg tablets,Mianserin hydrochloride,20.000mg,Tablet,Oral,4030100,4030100
917741000033119,321848002,Mianserin 30mg tablets,Mianserin 30mg tablets,Mianserin hydrochloride,30.000mg,Tablet,Oral,4030100,4030100
919641000033115,321998002,Mirtazapine 30mg tablets,Mirtazapine 30mg tablets,Mirtazapine,30.000mg,Tablet,Oral,,
3256741000033118,375193003,Mirtazapine 15mg tablets,Mirtazapine 15mg tablets,Mirtazapine,15.000mg,Tablet,Oral,,
3029641000033112,375194009,Mirtazapine 15mg orodispersible tablets,Mirtazapine 15mg orodispersible tablets,Mirtazapine,15.000mg,Orodispersible tablet,Oral,4030400,4030400
2974841000033114,375195005,Mirtazapine 30mg orodispersible tablets,Mirtazapine 30mg orodispersible tablets,Mirtazapine,30.000mg,Orodispersible tablet,Oral,4030400,4030400
3256841000033111,375196006,Mirtazapine 45mg tablets,Mirtazapine 45mg tablets,Mirtazapine,45.000mg,Tablet,Oral,,
1558041000033118,523611000001107,Zispin 30mg tablets (Organon Laboratories Ltd),Zispin 30mg tablets,Mirtazapine,30.000mg,Tablet,Oral,,
3078541000033115,4859711000001106,Zispin SolTab 30mg orodispersible tablets (Merck Sharp & Dohme Ltd),Zispin SolTab 30mg orodispersible tablets,Mirtazapine,30.000mg,Orodispersible tablet,Oral,4030400,4030400
3029941000033117,5595811000001101,Zispin SolTab 45mg orodispersible tablets (Merck Sharp & Dohme Ltd),Zispin SolTab 45mg orodispersible tablets,Mirtazapine,45.000mg,Orodispersible tablet,Oral,4030400,4030400
3029841000033113,5608811000001102,Zispin SolTab 15mg orodispersible tablets (Merck Sharp & Dohme Ltd),Zispin SolTab 15mg orodispersible tablets,Mirtazapine,15.000mg,Orodispersible tablet,Oral,4030400,4030400
3029741000033115,5627911000001100,Mirtazapine 45mg orodispersible tablets,Mirtazapine 45mg orodispersible tablets,Mirtazapine,45.000mg,Orodispersible tablet,Oral,4030400,4030400
3058741000033113,9103511000001102,Mirtazapine 15mg/ml oral solution sugar free,Mirtazapine 15mg/ml oral solution sugar free,Mirtazapine,15.000mg/1.000ml,Oral solution,Oral,4030400,4030400
937241000033118,321913005,Moclobemide 150mg tablets,Moclobemide 150mg tablets,Moclobemide,150.000mg,Tablet,Oral,4030200,4030200
937841000033119,321915003,Moclobemide 300mg tablets,Moclobemide 300mg tablets,Moclobemide,300.000mg,Tablet,Oral,4030200,4030200
868941000033111,48311000001107,Manerix 300mg tablets (Mylan),Manerix 300mg tablets,Moclobemide,300.000mg,Tablet,Oral,4030200,4030200
868841000033115,538111000001106,Manerix 150mg tablets (Mylan),Manerix 150mg tablets,Moclobemide,150.000mg,Tablet,Oral,4030200,4030200
989141000033111,321861002,Nortriptyline 10mg tablets,Nortriptyline 10mg tablets,Nortriptyline hydrochloride,10.000mg,Tablet,Oral,7040200,7040200
989241000033116,321864005,Nortriptyline 25mg tablets,Nortriptyline 25mg tablets,Nortriptyline hydrochloride,25.000mg,Tablet,Oral,7040200,7040200
3179941000033111,321927000,Nortriptyline 10mg / Fluphenazine 500microgram tablets,Nortriptyline 10mg / Fluphenazine 500microgram tablets,Fluphenazine hydrochloride/ Nortriptyline hydrochloride,500.000microgram + 10.000mg,Tablet,Oral,,
938941000033114,125111000001109,Motival 10mg/500microgram tablets (Sanofi),Motival 10mg/500microgram tablets,Fluphenazine hydrochloride/ Nortriptyline hydrochloride,500.000microgram + 10.000mg,Tablet,Oral,,
938841000033118,491811000001108,Motipress tablets (Sanofi-Synthelabo Ltd),Motipress tablets,Fluphenazine hydrochloride/ Nortriptyline hydrochloride,1.500mg + 30.000mg,Tablet,Oral,,
38841000033112,629711000001106,Allegron 25mg tablets (King Pharmaceuticals Ltd),Allegron 25mg tablets,Nortriptyline hydrochloride,25.000mg,Tablet,Oral,7040200,7040200
38741000033119,893811000001100,Allegron 10mg tablets (King Pharmaceuticals Ltd),Allegron 10mg tablets,Nortriptyline hydrochloride,10.000mg,Tablet,Oral,7040200,7040200
11072841000033114,15000611000001107,Nortriptyline 10mg/5ml oral solution,Nortriptyline 10mg/5ml oral solution,Nortriptyline hydrochloride,2.000mg/1.000ml,Oral solution,Oral,,
12257841000033117,15000711000001103,Nortriptyline 10mg/5ml oral suspension,Nortriptyline 10mg/5ml oral suspension,Nortriptyline hydrochloride,2.000mg/1.000ml,Oral suspension,Oral,,
12292341000033116,34034111000001108,Nortriptyline 50mg tablets,Nortriptyline 50mg tablets,Nortriptyline hydrochloride,50.000mg,Tablet,Oral,,
13300841000033111,37868911000001103,Nortriptyline 10mg/5ml oral solution sugar free,Nortriptyline 10mg/5ml oral solution sugar free,Nortriptyline hydrochloride,2.000mg/1.000ml,Oral solution,Oral,,
13300941000033115,37869011000001107,Nortriptyline 25mg/5ml oral solution sugar free,Nortriptyline 25mg/5ml oral solution sugar free,Nortriptyline hydrochloride,5.000mg/1.000ml,Oral solution,Oral,,
979241000033110,38285811000001101,Nortriptyline 10mg capsules,Nortriptyline 10mg capsules,Nortriptyline hydrochloride,10.000mg,Capsule,Oral,,
979341000033117,38285911000001106,Nortriptyline 25mg capsules,Nortriptyline 25mg capsules,Nortriptyline hydrochloride,25.000mg,Capsule,Oral,,
1042141000033117,321964006,Paroxetine 20mg tablets,Paroxetine 20mg tablets,Paroxetine hydrochloride,20.000mg,Tablet,Oral,4030300,4030300
1042241000033112,321966008,Paroxetine 30mg tablets,Paroxetine 30mg tablets,Paroxetine hydrochloride,30.000mg,Tablet,Oral,4030300,4030300
4079041000033115,421041006,Paroxetine 10mg tablets,Paroxetine 10mg tablets,Paroxetine hydrochloride,10.000mg,Tablet,Oral,4030300,4030300
11755441000033119,422084009,Paroxetine 40mg tablets,Paroxetine 40mg tablets,Paroxetine hydrochloride,40.000mg,Tablet,Oral,,
1686141000033119,16811000001109,Seroxat 20mg/10ml liquid (GlaxoSmithKline UK Ltd),Seroxat 20mg/10ml liquid,Paroxetine hydrochloride,2.000mg/1.000ml,Oral suspension,Oral,4030300,4030300
1278341000033111,477511000001109,Seroxat 20mg tablets (GlaxoSmithKline UK Ltd),Seroxat 20mg tablets,Paroxetine hydrochloride,20.000mg,Tablet,Oral,4030300,4030300
1278441000033117,738111000001107,Seroxat 30mg tablets (GlaxoSmithKline UK Ltd),Seroxat 30mg tablets,Paroxetine hydrochloride,30.000mg,Tablet,Oral,4030300,4030300
4079141000033116,11270611000001109,Seroxat 10mg tablets (GlaxoSmithKline UK Ltd),Seroxat 10mg tablets,Paroxetine hydrochloride,10.000mg,Tablet,Oral,4030300,4030300
1662441000033114,36565911000001109,Paroxetine 10mg/5ml oral suspension sugar free,Paroxetine 10mg/5ml oral suspension sugar free,Paroxetine hydrochloride,2.000mg/1.000ml,Oral suspension,Oral,4030300,4030300
1079341000033111,321902007,Phenelzine 15mg tablets,Phenelzine 15mg tablets,Phenelzine sulfate,15.000mg,Tablet,Oral,4030200,4030200
955241000033110,32511000001104,Nardil 15mg tablets (Neon Healthcare Ltd),Nardil 15mg tablets,Phenelzine sulfate,15.000mg,Tablet,Oral,4030200,4030200
13719241000033117,38976911000001105,Phenelzine 15mg capsules,Phenelzine 15mg capsules,Phenelzine sulfate,15.000mg,Capsule,Oral,,
1165641000033115,321996003,Reboxetine 4mg tablets,Reboxetine 4mg tablets,Reboxetine mesilate,4.000mg,Tablet,Oral,4030400,4030400
496741000033118,576711000001106,Edronax 4mg tablets (Pfizer Ltd),Edronax 4mg tablets,Reboxetine mesilate,4.000mg,Tablet,Oral,4030400,4030400
1278841000033119,321959007,Sertraline 50mg tablets,Sertraline 50mg tablets,Sertraline hydrochloride,50.000mg,Tablet,Oral,4030300,4030300
1278741000033112,321960002,Sertraline 100mg tablets,Sertraline 100mg tablets,Sertraline hydrochloride,100.000mg,Tablet,Oral,4030300,4030300
854141000033113,687611000001102,Lustral 100mg tablets (Upjohn UK Ltd),Lustral 100mg tablets,Sertraline hydrochloride,100.000mg,Tablet,Oral,4030300,4030300
854241000033118,936411000001108,Lustral 50mg tablets (Upjohn UK Ltd),Lustral 50mg tablets,Sertraline hydrochloride,50.000mg,Tablet,Oral,4030300,4030300
5975341000033119,8721711000001105,Sertraline 100mg/5ml oral suspension,Sertraline 100mg/5ml oral suspension,Sertraline hydrochloride,20.000mg/1.000ml,Oral suspension,Oral,,
4148341000033116,8721911000001107,Sertraline 50mg/5ml oral suspension,Sertraline 50mg/5ml oral suspension,Sertraline hydrochloride,10.000mg/1.000ml,Oral suspension,Oral,,
12900941000033117,13045911000001105,Sertraline 25mg/5ml oral suspension,Sertraline 25mg/5ml oral suspension,Sertraline hydrochloride,5.000mg/1.000ml,Oral suspension,Oral,,
1469441000033116,321910008,Tranylcypromine 10mg tablets,Tranylcypromine 10mg tablets,Tranylcypromine sulfate,10.000mg,Tablet,Oral,4030200,4030200
1473641000033113,321877001,Trazodone 150mg tablets,Trazodone 150mg tablets,Trazodone hydrochloride,150.000mg,Tablet,Oral,4030100,4030100
1455241000033113,321880000,Trazodone 100mg capsules,Trazodone 100mg capsules,Trazodone hydrochloride,100.000mg,Capsule,Oral,4030100,4030100
1454641000033112,321881001,Trazodone 50mg capsules,Trazodone 50mg capsules,Trazodone hydrochloride,50.000mg,Capsule,Oral,4030100,4030100
13444241000033119,376689003,Trazodone 50mg tablets,Trazodone 50mg tablets,Trazodone hydrochloride,50.000mg,Tablet,Oral,,
13444341000033112,376690007,Trazodone 100mg tablets,Trazodone 100mg tablets,Trazodone hydrochloride,100.000mg,Tablet,Oral,,
938741000033111,1811000001101,Molipaxin 150mg tablets (Zentiva),Molipaxin 150mg tablets,Trazodone hydrochloride,150.000mg,Tablet,Oral,4030100,4030100
923241000033113,75511000001108,Molipaxin 100mg capsules (Zentiva),Molipaxin 100mg capsules,Trazodone hydrochloride,100.000mg,Capsule,Oral,4030100,4030100
923041000033117,369211000001100,Molipaxin 50mg capsules (Zentiva),Molipaxin 50mg capsules,Trazodone hydrochloride,50.000mg,Capsule,Oral,4030100,4030100
929541000033113,3904511000001104,Molipaxin 50mg/5ml oral liquid (Sanofi),Molipaxin 50mg/5ml oral liquid,Trazodone hydrochloride,10.000mg/1.000ml,Oral solution,Oral,4030100,4030100
1461941000033113,3909411000001104,Trazodone 50mg/5ml oral solution sugar free,Trazodone 50mg/5ml oral solution sugar free,Trazodone hydrochloride,10.000mg/1.000ml,Oral solution,Oral,4030100,4030100
929841000033110,4549511000001102,Molipaxin CR 150mg tablets (Aventis Pharma),Molipaxin CR 150mg tablets,Trazodone hydrochloride,150.000mg,Modified-release tablet,Oral,,
1462241000033110,4557211000001109,Trazodone 150mg modified-release tablets,Trazodone 150mg modified-release tablets,Trazodone hydrochloride,150.000mg,Modified-release tablet,Oral,,
12476541000033119,35113311000001104,Trazodone 100mg/5ml oral solution sugar free,Trazodone 100mg/5ml oral solution sugar free,Trazodone hydrochloride,20.000mg/1.000ml,Oral solution,Oral,,
1512241000033119,321970000,Venlafaxine 37.5mg tablets,Venlafaxine 37.5mg tablets,Venlafaxine hydrochloride,37.500mg,Tablet,Oral,4030400,4030400
1512341000033112,321971001,Venlafaxine 75mg tablets,Venlafaxine 75mg tablets,Venlafaxine hydrochloride,75.000mg,Tablet,Oral,4030400,4030400
1512441000033118,321974009,Venlafaxine 50mg tablets,Venlafaxine 50mg tablets,Venlafaxine hydrochloride,50.000mg,Tablet,Oral,,
499141000033110,237411000001109,Efexor 75mg tablets (Wyeth Pharmaceuticals),Efexor 75mg tablets,Venlafaxine hydrochloride,75.000mg,Tablet,Oral,,
499041000033111,281211000001107,Efexor 37.5mg tablets (Wyeth Pharmaceuticals),Efexor 37.5mg tablets,Venlafaxine hydrochloride,37.500mg,Tablet,Oral,,
498541000033113,413311000001104,Efexor XL 150mg capsules (Upjohn UK Ltd),Efexor XL 150mg capsules,Venlafaxine hydrochloride,150.000mg,Modified-release capsule,Oral,4030400,4030400
499241000033115,628511000001107,Efexor 50mg tablets (Wyeth Pharmaceuticals),Efexor 50mg tablets,Venlafaxine hydrochloride,50.000mg,Tablet,Oral,,
498441000033112,651811000001100,Efexor XL 75mg capsules (Upjohn UK Ltd),Efexor XL 75mg capsules,Venlafaxine hydrochloride,75.000mg,Modified-release capsule,Oral,4030400,4030400
4498541000033116,8722711000001103,Venlafaxine 37.5mg/5ml oral suspension,Venlafaxine 37.5mg/5ml oral suspension,Venlafaxine hydrochloride,7.500mg/1.000ml,Oral suspension,Oral,,
6000441000033115,14017911000001109,Venlafaxine 37.5mg/5ml oral solution,Venlafaxine 37.5mg/5ml oral solution,Venlafaxine hydrochloride,7.500mg/1.000ml,Oral solution,Oral,,
5008041000033112,14018011000001106,Venlafaxine 75mg/5ml oral solution,Venlafaxine 75mg/5ml oral solution,Venlafaxine hydrochloride,15.000mg/1.000ml,Oral solution,Oral,,
8867941000033118,14018111000001107,Venlafaxine 75mg/5ml oral suspension,Venlafaxine 75mg/5ml oral suspension,Venlafaxine hydrochloride,15.000mg/1.000ml,Oral suspension,Oral,,
4817441000033114,14934211000001109,Rodomel XL 75mg capsules (Teva UK Ltd),Rodomel XL 75mg capsules,Venlafaxine hydrochloride,75.000mg,Modified-release capsule,Oral,,
4817341000033115,14934411000001108,Rodomel XL 150mg capsules (Teva UK Ltd),Rodomel XL 150mg capsules,Venlafaxine hydrochloride,150.000mg,Modified-release capsule,Oral,,
4818641000033112,14952511000001103,Trixat XL 75mg capsules (PLIVA Pharma Ltd),Trixat XL 75mg capsules,Venlafaxine hydrochloride,75.000mg,Modified-release capsule,Oral,,
4818541000033111,14952711000001108,Trixat XL 150mg capsules (PLIVA Pharma Ltd),Trixat XL 150mg capsules,Venlafaxine hydrochloride,150.000mg,Modified-release capsule,Oral,,
4824641000033113,14954611000001107,Winfex XL 75mg capsules (Zentiva),Winfex XL 75mg capsules,Venlafaxine hydrochloride,75.000mg,Modified-release capsule,Oral,4030400,4030400
4824541000033112,14954811000001106,Winfex XL 150mg capsules (Zentiva),Winfex XL 150mg capsules,Venlafaxine hydrochloride,150.000mg,Modified-release capsule,Oral,4030400,4030400
4897141000033117,14967411000001106,Tardcaps XL 75mg capsules (IXL Pharma Ltd),Tardcaps XL 75mg capsules,Venlafaxine hydrochloride,75.000mg,Modified-release capsule,Oral,,
4897241000033112,14967611000001109,Tardcaps XL 150mg capsules (IXL Pharma Ltd),Tardcaps XL 150mg capsules,Venlafaxine hydrochloride,150.000mg,Modified-release capsule,Oral,,
4896741000033115,14974711000001100,Vexarin XL 150mg capsules (Mylan),Vexarin XL 150mg capsules,Venlafaxine hydrochloride,150.000mg,Modified-release capsule,Oral,,
4896841000033113,14974911000001103,Vexarin XL 75mg capsules (Mylan),Vexarin XL 75mg capsules,Venlafaxine hydrochloride,75.000mg,Modified-release capsule,Oral,,
4899541000033115,14975211000001108,Vensir XL 75mg capsules (Morningside Healthcare Ltd),Vensir XL 75mg capsules,Venlafaxine hydrochloride,75.000mg,Modified-release capsule,Oral,,
4899641000033119,14975411000001107,Vensir XL 150mg capsules (Morningside Healthcare Ltd),Vensir XL 150mg capsules,Venlafaxine hydrochloride,150.000mg,Modified-release capsule,Oral,,
4897041000033116,14978711000001108,ViePax 37.5mg tablets (Dexcel-Pharma Ltd),ViePax 37.5mg tablets,Venlafaxine hydrochloride,37.500mg,Tablet,Oral,,
4896941000033117,14978911000001105,ViePax 75mg tablets (Dexcel-Pharma Ltd),ViePax 75mg tablets,Venlafaxine hydrochloride,75.000mg,Tablet,Oral,,
4823741000033119,14980711000001104,ViePax XL 75mg tablets (Dexcel-Pharma Ltd),ViePax XL 75mg tablets,Venlafaxine hydrochloride,75.000mg,Modified-release tablet,Oral,,
4823841000033112,14981311000001108,ViePax XL 150mg tablets (Dexcel-Pharma Ltd),ViePax XL 150mg tablets,Venlafaxine hydrochloride,150.000mg,Modified-release tablet,Oral,,
4817741000033119,14981511000001102,Tifaxin XL 75mg capsules (Genus Pharmaceuticals Ltd),Tifaxin XL 75mg capsules,Venlafaxine hydrochloride,75.000mg,Modified-release capsule,Oral,4030400,4030400
4817641000033111,14981711000001107,Tifaxin XL 150mg capsules (Genus Pharmaceuticals Ltd),Tifaxin XL 150mg capsules,Venlafaxine hydrochloride,150.000mg,Modified-release capsule,Oral,4030400,4030400
4823641000033111,14984911000001107,Venlafaxine 150mg modified-release tablets,Venlafaxine 150mg modified-release tablets,Venlafaxine hydrochloride,150.000mg,Modified-release tablet,Oral,4030400,4030400
4823541000033110,14985011000001107,Venlafaxine 75mg modified-release tablets,Venlafaxine 75mg modified-release tablets,Venlafaxine hydrochloride,75.000mg,Modified-release tablet,Oral,4030400,4030400
4937041000033115,15011711000001108,Vaxalin XL 75mg capsules (Ratiopharm UK Ltd),Vaxalin XL 75mg capsules,Venlafaxine hydrochloride,75.000mg,Modified-release capsule,Oral,,
4937141000033116,15012111000001102,Vaxalin XL 150mg capsules (Ratiopharm UK Ltd),Vaxalin XL 150mg capsules,Venlafaxine hydrochloride,150.000mg,Modified-release capsule,Oral,,
4936641000033111,15068711000001102,Venaxx XL 75mg capsules (Advanz Pharma),Venaxx XL 75mg capsules,Venlafaxine hydrochloride,75.000mg,Modified-release capsule,Oral,4030400,4030400
4936741000033119,15068911000001100,Venaxx XL 150mg capsules (Advanz Pharma),Venaxx XL 150mg capsules,Venlafaxine hydrochloride,150.000mg,Modified-release capsule,Oral,4030400,4030400
4957941000033115,15116511000001104,Politid XL 150mg capsules (Accord Healthcare Ltd),Politid XL 150mg capsules,Venlafaxine hydrochloride,150.000mg,Modified-release capsule,Oral,,
4957841000033111,15116711000001109,Politid XL 75mg capsules (Accord Healthcare Ltd),Politid XL 75mg capsules,Venlafaxine hydrochloride,75.000mg,Modified-release capsule,Oral,,
5052941000033116,15375411000001109,Venlalic XL 150mg tablets (Ethypharm UK Ltd),Venlalic XL 150mg tablets,Venlafaxine hydrochloride,150.000mg,Modified-release tablet,Oral,4030400,4030400
5053041000033114,15375711000001103,Venlalic XL 75mg tablets (Ethypharm UK Ltd),Venlalic XL 75mg tablets,Venlafaxine hydrochloride,75.000mg,Modified-release tablet,Oral,4030400,4030400
5052841000033112,15376011000001109,Venlalic XL 225mg tablets (Ethypharm UK Ltd),Venlalic XL 225mg tablets,Venlafaxine hydrochloride,225.000mg,Modified-release tablet,Oral,4030400,4030400
5234141000033115,15414711000001101,Foraven XL 150mg capsules (Forum Products Ltd),Foraven XL 150mg capsules,Venlafaxine hydrochloride,150.000mg,Modified-release capsule,Oral,4030400,4030400
5234041000033119,15414911000001104,Foraven XL 75mg capsules (Forum Products Ltd),Foraven XL 75mg capsules,Venlafaxine hydrochloride,75.000mg,Modified-release capsule,Oral,4030400,4030400
5052741000033119,15439111000001107,Venlafaxine 225mg modified-release tablets,Venlafaxine 225mg modified-release tablets,Venlafaxine hydrochloride,225.000mg,Modified-release tablet,Oral,4030400,4030400
5328941000033119,16273411000001100,Ranfaxine XL 75mg capsules (Ranbaxy (UK) Ltd),Ranfaxine XL 75mg capsules,Venlafaxine hydrochloride,75.000mg,Modified-release capsule,Oral,,
5329041000033111,16274611000001104,Ranfaxine XL 150mg capsules (Ranbaxy (UK) Ltd),Ranfaxine XL 150mg capsules,Venlafaxine hydrochloride,150.000mg,Modified-release capsule,Oral,,
5812541000033115,16421311000001106,Venlablue XL 75mg capsules (Zentiva),Venlablue XL 75mg capsules,Venlafaxine hydrochloride,75.000mg,Modified-release capsule,Oral,,
5812641000033119,16421511000001100,Venlablue XL 150mg capsules (Zentiva),Venlablue XL 150mg capsules,Venlafaxine hydrochloride,150.000mg,Modified-release capsule,Oral,,
5574641000033117,16455011000001106,Tonpular XL 75mg capsules (Wockhardt UK Ltd),Tonpular XL 75mg capsules,Venlafaxine hydrochloride,75.000mg,Modified-release capsule,Oral,,
5574741000033114,16455211000001101,Tonpular XL 150mg capsules (Wockhardt UK Ltd),Tonpular XL 150mg capsules,Venlafaxine hydrochloride,150.000mg,Modified-release capsule,Oral,,
5813341000033119,16492111000001107,Alventa XL 75mg capsules (Consilient Health Ltd),Alventa XL 75mg capsules,Venlafaxine hydrochloride,75.000mg,Modified-release capsule,Oral,,
5813141000033117,16492311000001109,Alventa XL 150mg capsules (Consilient Health Ltd),Alventa XL 150mg capsules,Venlafaxine hydrochloride,150.000mg,Modified-release capsule,Oral,,
5889541000033114,17662211000001102,Mentaven XL 75mg capsules (Arrow Generics Ltd),Mentaven XL 75mg capsules,Venlafaxine hydrochloride,75.000mg,Modified-release capsule,Oral,,
5889641000033110,17662411000001103,Mentaven XL 150mg capsules (Arrow Generics Ltd),Mentaven XL 150mg capsules,Venlafaxine hydrochloride,150.000mg,Modified-release capsule,Oral,,
5896441000033118,17737011000001107,Depefex XL 150mg capsules (Chiesi Ltd),Depefex XL 150mg capsules,Venlafaxine hydrochloride,150.000mg,Modified-release capsule,Oral,,
5896341000033112,17737211000001102,Depefex XL 75mg capsules (Chiesi Ltd),Depefex XL 75mg capsules,Venlafaxine hydrochloride,75.000mg,Modified-release capsule,Oral,,
6029741000033113,18148611000001104,Venlaneo XL 75mg capsules (Kent Pharmaceuticals Ltd),Venlaneo XL 75mg capsules,Venlafaxine hydrochloride,75.000mg,Modified-release capsule,Oral,,
6029641000033116,18148811000001100,Venlaneo XL 150mg capsules (Kent Pharmaceuticals Ltd),Venlaneo XL 150mg capsules,Venlafaxine hydrochloride,150.000mg,Modified-release capsule,Oral,,
6161841000033118,18748311000001101,Venlalic XL 37.5mg tablets (Ethypharm UK Ltd),Venlalic XL 37.5mg tablets,Venlafaxine hydrochloride,37.500mg,Modified-release tablet,Oral,,
6161741000033111,18765111000001101,Venlafaxine 37.5mg modified-release tablets,Venlafaxine 37.5mg modified-release tablets,Venlafaxine hydrochloride,37.500mg,Modified-release tablet,Oral,,
8298741000033112,21965311000001104,Sunveniz XL 75mg tablets (Sun Pharmaceutical Industries Europe B.V.),Sunveniz XL 75mg tablets,Venlafaxine hydrochloride,75.000mg,Modified-release tablet,Oral,,
8298641000033115,21990711000001108,Sunveniz XL 150mg tablets (Sun Pharmaceutical Industries Europe B.V.),Sunveniz XL 150mg tablets,Venlafaxine hydrochloride,150.000mg,Modified-release tablet,Oral,,
8265641000033113,21992211000001100,Bonilux XL 150mg capsules (Sandoz Ltd),Bonilux XL 150mg capsules,Venlafaxine hydrochloride,150.000mg,Modified-release capsule,Oral,,
8265541000033112,21992411000001101,Bonilux XL 75mg capsules (Sandoz Ltd),Bonilux XL 75mg capsules,Venlafaxine hydrochloride,75.000mg,Modified-release capsule,Oral,,
12605441000033117,23343211000001100,Venladex XL 150mg tablets (Dexcel-Pharma Ltd),Venladex XL 150mg tablets,Venlafaxine hydrochloride,150.000mg,Modified-release tablet,Oral,,
12605341000033111,23343411000001101,Venladex XL 75mg tablets (Dexcel-Pharma Ltd),Venladex XL 75mg tablets,Venlafaxine hydrochloride,75.000mg,Modified-release tablet,Oral,,
8885541000033117,23474511000001108,Venlablue XL 37.5mg capsules (Zentiva),Venlablue XL 37.5mg capsules,Venlafaxine hydrochloride,37.500mg,Modified-release capsule,Oral,,
8885441000033118,23560511000001101,Venlafaxine 37.5mg modified-release capsules,Venlafaxine 37.5mg modified-release capsules,Venlafaxine hydrochloride,37.500mg,Modified-release capsule,Oral,,
9300841000033114,24676911000001109,Amphero XL 150mg capsules (Mylan),Amphero XL 150mg capsules,Venlafaxine hydrochloride,150.000mg,Modified-release capsule,Oral,,
9300741000033116,24677311000001106,Amphero XL 75mg capsules (Mylan),Amphero XL 75mg capsules,Venlafaxine hydrochloride,75.000mg,Modified-release capsule,Oral,,
10730141000033114,30991111000001106,Efexor XL 225mg capsules (Upjohn UK Ltd),Efexor XL 225mg capsules,Venlafaxine hydrochloride,225.000mg,Modified-release capsule,Oral,,
10730041000033110,31016011000001103,Venlafaxine 225mg modified-release capsules,Venlafaxine 225mg modified-release capsules,Venlafaxine hydrochloride,225.000mg,Modified-release capsule,Oral,,
11693641000033117,32833611000001107,Vensir XL 225mg capsules (Morningside Healthcare Ltd),Vensir XL 225mg capsules,Venlafaxine hydrochloride,225.000mg,Modified-release capsule,Oral,,
12194641000033117,34180611000001109,Vencarm XL 225mg capsules (Aspire Pharma Ltd),Vencarm XL 225mg capsules,Venlafaxine hydrochloride,225.000mg,Modified-release capsule,Oral,,
12194541000033118,34180811000001108,Vencarm XL 150mg capsules (Aspire Pharma Ltd),Vencarm XL 150mg capsules,Venlafaxine hydrochloride,150.000mg,Modified-release capsule,Oral,,
12194841000033116,34181011000001106,Vencarm XL 75mg capsules (Aspire Pharma Ltd),Vencarm XL 75mg capsules,Venlafaxine hydrochloride,75.000mg,Modified-release capsule,Oral,,
12194741000033114,34181211000001101,Vencarm XL 37.5mg capsules (Aspire Pharma Ltd),Vencarm XL 37.5mg capsules,Venlafaxine hydrochloride,37.500mg,Modified-release capsule,Oral,,
12390341000033114,34740711000001101,Venlasov XL 150mg capsules (Sovereign Medical Ltd),Venlasov XL 150mg capsules,Venlafaxine hydrochloride,150.000mg,Modified-release capsule,Oral,,
12389941000033119,34740911000001104,Venlasov XL 75mg capsules (Sovereign Medical Ltd),Venlasov XL 75mg capsules,Venlafaxine hydrochloride,75.000mg,Modified-release capsule,Oral,,
12605541000033116,35638211000001107,Venladex XL 225mg tablets (Dexcel-Pharma Ltd),Venladex XL 225mg tablets,Venlafaxine hydrochloride,225.000mg,Modified-release tablet,Oral,,
12641541000033113,35797111000001102,Venzip XL 150mg capsules (Milpharm Ltd),Venzip XL 150mg capsules,Venlafaxine hydrochloride,150.000mg,Modified-release capsule,Oral,,
12641641000033114,35797611000001105,Venzip XL 75mg capsules (Milpharm Ltd),Venzip XL 75mg capsules,Venlafaxine hydrochloride,75.000mg,Modified-release capsule,Oral,,
12901041000033110,36606311000001107,Majoven XL 37.5mg capsules (Bristol Laboratories Ltd),Majoven XL 37.5mg capsules,Venlafaxine hydrochloride,37.500mg,Modified-release capsule,Oral,,
12901141000033114,36606511000001101,Majoven XL 75mg capsules (Bristol Laboratories Ltd),Majoven XL 75mg capsules,Venlafaxine hydrochloride,75.000mg,Modified-release capsule,Oral,,
12901241000033119,36606711000001106,Majoven XL 150mg capsules (Bristol Laboratories Ltd),Majoven XL 150mg capsules,Venlafaxine hydrochloride,150.000mg,Modified-release capsule,Oral,,
12904541000033119,36656911000001104,ViePax XL 225mg tablets (Dexcel-Pharma Ltd),ViePax XL 225mg tablets,Venlafaxine hydrochloride,225.000mg,Modified-release tablet,Oral,,
12986241000033113,36845311000001101,Apclaven XL 37.5mg capsules (Torrent Pharma (UK) Ltd),Apclaven XL 37.5mg capsules,Venlafaxine hydrochloride,37.500mg,Modified-release capsule,Oral,,
12986341000033115,36845711000001102,Apclaven XL 75mg capsules (Torrent Pharma (UK) Ltd),Apclaven XL 75mg capsules,Venlafaxine hydrochloride,75.000mg,Modified-release capsule,Oral,,
12986441000033114,36846211000001103,Apclaven XL 150mg capsules (Torrent Pharma (UK) Ltd),Apclaven XL 150mg capsules,Venlafaxine hydrochloride,150.000mg,Modified-release capsule,Oral,,
13318441000033113,37997111000001105,Venlalic XL 300mg tablets (Ethypharm UK Ltd),Venlalic XL 300mg tablets,Venlafaxine hydrochloride,300.000mg,Modified-release tablet,Oral,,
13318341000033119,38003311000001102,Venlafaxine 300mg modified-release tablets,Venlafaxine 300mg modified-release tablets,Venlafaxine hydrochloride,300.000mg,Modified-release tablet,Oral,,
1509341000033117,38750311000001104,Venlafaxine 75mg modified-release capsules,Venlafaxine 75mg modified-release capsules,Venlafaxine hydrochloride,75.000mg,Modified-release capsule,Oral,4030400,4030400
1509241000033110,38750411000001106,Venlafaxine 150mg modified-release capsules,Venlafaxine 150mg modified-release capsules,Venlafaxine hydrochloride,150.000mg,Modified-release capsule,Oral,4030400,4030400
10617241000033117,30247511000001100,Brintellix 5mg tablets (Lundbeck Ltd),Brintellix 5mg tablets,Vortioxetine hydrobromide,5.000mg,Tablet,Oral,4030400,4030400
10617441000033116,30247811000001102,Brintellix 20mg tablets (Lundbeck Ltd),Brintellix 20mg tablets,Vortioxetine hydrobromide,20.000mg,Tablet,Oral,4030400,4030400
10617341000033110,30248111000001105,Brintellix 10mg tablets (Lundbeck Ltd),Brintellix 10mg tablets,Vortioxetine hydrobromide,10.000mg,Tablet,Oral,4030400,4030400
10617041000033113,30738611000001105,Vortioxetine 10mg tablets,Vortioxetine 10mg tablets,Vortioxetine hydrobromide,10.000mg,Tablet,Oral,4030400,4030400
10617141000033112,30738711000001101,Vortioxetine 20mg tablets,Vortioxetine 20mg tablets,Vortioxetine hydrobromide,20.000mg,Tablet,Oral,4030400,4030400
10616941000033112,30738811000001109,Vortioxetine 5mg tablets,Vortioxetine 5mg tablets,Vortioxetine hydrobromide,5.000mg,Tablet,Oral,4030400,4030400
13495041000033117,38499811000001103,Spravato 28mg/0.2ml nasal spray unit dose (Janssen-Cilag Ltd),Spravato 28mg/0.2ml nasal spray unit dose,Esketamine hydrochloride,140.000mg/1.000ml,Spray,Nasal,,
13494941000033117,38515511000001108,Esketamine 28mg/0.2ml nasal spray unit dose,Esketamine 28mg/0.2ml nasal spray unit dose,Esketamine hydrochloride,140.000mg/1.000ml,Spray,Nasal,,
