medcodeid,term,ethnicity_group,cleansedreadcode,snomedctconceptid,snomedctdescriptionid
1968301000006118,Asian or Asian British: Indian - Northern Ireland ethnic category 2011 census,Asian/British Asian,9t16.00,977591000000103,2486641000000116
286020010,Asian - ethnic group,Asian/British Asian,9T1E.00,315280000,459783012
158361000000116,Asian and Chinese - ethnic category 2001 census,Asian/British Asian,9i64.00,92611000000106,158361000000116
141401000000117,Chinese - ethnic category 2001 census,Asian/British Asian,9iE..00,92511000000107,141401000000117
141641000000116,Filipino - ethnic category 2001 census,Asian/British Asian,9iF2.00,92771000000105,141641000000116
1968161000006115,Asian or Asian British: Chinese - England and Wales ethnic category 2011 census,Asian/British Asian,9t0B.00,976851000000107,2485071000000113
141561000000119,British Asian - ethnic category 2001 census,Asian/British Asian,9iA8.00,92681000000104,141561000000119
411584018,Indo-Caribbean (NMO),Asian/British Asian,9SA6.12,275597009,411584018
456650013,Vietnamese,Asian/British Asian,9SC..00,312859007,456650013
141631000000113,Japanese - ethnic category 2001 census,Asian/British Asian,9iF1.00,92761000000103,141631000000113
141651000000118,Malaysian - ethnic category 2001 census,Asian/British Asian,9iF3.00,92781000000107,141651000000118
1968481000006118,"Asian or Asian Scottish or Asian British: Pakistani, Pakistani Scottish or Pakistani British - Scotland ethnic category 2011 census",Asian/British Asian,9t27.00,978071000000106,2487601000000117
459784018,Other Asian ethnic group,Asian/British Asian,9SH..00,315281001,459784018
1572831000000110,Nepali,Asian/British Asian,9T9..00,718131000000106,1572831000000110
285956019,Bangladeshi,Asian/British Asian,9S8..00,186003008,285956019
285955015,Pakistani,Asian/British Asian,9S7..00,186002003,285955015
285954016,Indian,Asian/British Asian,9S6..00,414481008,2533844017
937651000006117,Other Asian or Asian unspecified - ethnic category 2001 census,Asian/British Asian,9iAA.00,92701000000102,141581000000111
141621000000111,Vietnamese - ethnic category 2001 census,Asian/British Asian,9iF0.00,92751000000101,141621000000111
157271000000119,Indian or British Indian - ethnic category 2001 census,Asian/British Asian,9i7..00,110751000000108,157271000000119
136081000000111,Sri Lankan - ethnic category 2001 census,Asian/British Asian,9iA4.00,86461000000107,136081000000111
56590016,Chinese,Asian/British Asian,9S9..00,33897005,56590016
141381000000117,Other Asian background - ethnic category 2001 census,Asian/British Asian,9iA..00,92481000000101,141381000000117
1968171000006110,Asian or Asian British: any other Asian background - England and Wales ethnic category 2011 census,Asian/British Asian,9t0C.00,976871000000103,2485111000000119
1968491000006115,"Asian or Asian Scottish or Asian British: Indian, Indian Scottish or Indian British - Scotland ethnic category 2011 census",Asian/British Asian,9t28.00,978111000000100,2487681000000110
1968311000006115,Asian or Asian British: Pakistani - Northern Ireland ethnic category 2011 census,Asian/British Asian,9t17.00,977711000000100,2486881000000113
141511000000116,Mixed Asian - ethnic category 2001 census,Asian/British Asian,9iA9.00,92631000000103,141511000000116
141521000000110,Punjabi - ethnic category 2001 census,Asian/British Asian,9iA1.00,92641000000107,141521000000110
937541000006115,Bangladeshi or British Bangladeshi - ethnic category 2001 census,Asian/British Asian,9i9..00,92471000000103,141371000000119
141361000000114,Pakistani or British Pakistani - ethnic category 2001 census,Asian/British Asian,9i8..00,92461000000105,141361000000114
141531000000112,Kashmiri - ethnic category 2001 census,Asian/British Asian,9iA2.00,92651000000105,141531000000112
1968341000006116,Asian or Asian British: any other Asian background - Northern Ireland ethnic category 2011 census,Asian/British Asian,9t1A.00,977771000000105,2487001000000110
141541000000115,East African Asian - ethnic category 2001 census,Asian/British Asian,9iA3.00,92661000000108,141541000000115
1968331000006114,Asian or Asian British: Chinese - Northern Ireland ethnic category 2011 census,Asian/British Asian,9t19.00,977751000000101,2486961000000110
1968511000006114,Asian or Asian Scottish or Asian British: Chinese - Scotland ethnic category 2011 census,Asian/British Asian,9t2A.00,978191000000109,2487851000000117
550541000006110,Chinese,Asian/British Asian,9T1C.00,33897005,56590016
286018012,South East Asian,Asian/British Asian,9T1B.00,186044009,286018012
1968151000006117,Asian or Asian British: Bangladeshi - England and Wales ethnic category 2011 census,Asian/British Asian,9t0A.00,976831000000100,2485031000000111
285991010,"Other ethnic, Asian/White orig",Asian/British Asian,9SB2.00,186021006,285991010
285977016,Other Asian (NMO),Asian/British Asian,9SA8.00,186013000,285977016
781081000006113,Indian,Asian/British Asian,9T1D.00,414481008,2533844017
411583012,East African Asian (NMO),Asian/British Asian,9SA6.11,275596000,411583012
141571000000114,Caribbean Asian - ethnic category 2001 census,Asian/British Asian,9iA7.00,92691000000102,141571000000114
1968501000006111,"Asian or Asian Scottish or Asian British: Bangladeshi, Bangladeshi Scottish or Bangladeshi British - Scotland ethnic category 2011 census",Asian/British Asian,9t29.00,978171000000105,2487801000000118
405069018,E Afric Asian/Indo-Carib (NMO),Asian/British Asian,9SA6.00,270465005,405069018
1968321000006111,Asian or Asian British: Bangladeshi - Northern Ireland ethnic category 2011 census,Asian/British Asian,9t18.00,977731000000108,2486921000000119
157301000000116,Sinhalese - ethnic category 2001 census,Asian/British Asian,9iA6.00,110781000000102,157301000000116
141551000000117,Tamil - ethnic category 2001 census,Asian/British Asian,9iA5.00,92671000000101,141551000000117
1968131000006112,Asian or Asian British: Indian - England and Wales ethnic category 2011 census,Asian/British Asian,9t08.00,976791000000107,2484951000000116
1968521000006118,Asian or Asian Scottish or Asian British: any other Asian group - Scotland ethnic category 2011 census,Asian/British Asian,9t2B.00,978211000000108,2487891000000113
1968141000006119,Asian or Asian British: Pakistani - England and Wales ethnic category 2011 census,Asian/British Asian,9t09.00,976811000000108,2484991000000112
285976013,Indian sub-continent (NMO),Asian/British Asian,9SA7.00,186012005,285976013
30683015,Black African,Black/Black British,9S3..00,18167009,30683015
285990011,"Other ethnic, Black/White orig",Black/Black British,9SB1.00,186020007,285990011
411578016,Caribbean Island (NMO),Black/Black British,9SA3.11,275591005,411578016
141391000000115,African - ethnic category 2001 census,Black/Black British,9iC..00,92491000000104,141391000000115
1968371000006112,Black or African or Caribbean or Black British: other Black or African or Caribbean background - Northern Ireland ethnic category 2011 census,Black/Black British,9t1D.00,977831000000102,2487121000000119
514651000006112,Black East African Asian/Indo-Caribbean,Black/Black British,9S45.00,270462008,405066013
157311000000119,Black British - ethnic category 2001 census,Black/Black British,9iD2.00,110791000000100,157311000000119
158351000000119,Other Black background - ethnic category 2001 census,Black/Black British,9iD..00,92501000000105,158351000000119
285930014,Black Caribbean,Black/Black British,9S42.11,185988007,285930014
285949013,Black - other Asian,Black/Black British,9S47.00,185996002,285949013
142811000000112,North African - ethnic category 2001 census,Black/Black British,9iFA.00,94061000000107,142811000000112
285951012,"Black - other, mixed",Black/Black British,9S5..00,185998001,285951012
285931013,"Black, other, non-mixed origin",Black/Black British,9S4..00,185989004,285931013
285950013,Black Black - other,Black/Black British,9S48.00,185989004,285931013
411577014,Black Indo-Caribbean,Black/Black British,9S45.12,275590006,411577014
405064011,Black Caribbean/W.I./Guyana,Black/Black British,9S42.00,270460000,405064011
1968541000006113,African: any other African - Scotland ethnic category 2011 census,Black/Black British,9t2D.00,978251000000107,2487971000000118
1968351000006119,Black or African or Caribbean or Black British: African - Northern Ireland ethnic category 2011 census,Black/Black British,9t1B.00,977791000000109,2487041000000113
285971015,Other African countries (NMO),Black/Black British,9SA5.00,186010002,285971015
1968191000006111,Black or African or Caribbean or Black British: Caribbean - England and Wales ethnic category 2011 census,Black/Black British,9t0E.00,976911000000101,2485191000000111
285952017,Other Black - Black/White orig,Black/Black British,9S51.00,185999009,285952017
411573013,Black North African,Black/Black British,9S43.11,275586009,411573013
411580010,Guyana (NMO),Black/Black British,9SA3.13,275593008,411580010
411576017,Black East African Asian,Black/Black British,9S45.11,275589002,411576017
514611000006111,Black Caribbean,Black/Black British,9S2..00,185988007,285930014
285943014,Black - other African country,Black/Black British,9S44.00,185993005,285943014
141601000000119,Nigerian - ethnic category 2001 census,Black/Black British,9iD1.00,92731000000108,141601000000119
411579012,West Indian (NMO),Black/Black British,9SA3.12,275592003,411579012
285948017,Black Indian sub-continent,Black/Black British,9S46.00,185995003,285948017
1968361000006117,Black or African or Caribbean or Black British: Caribbean - Northern Ireland ethnic category 2011 census,Black/Black British,9t1C.00,977811000000105,2487081000000117
453109012,Black West Indian,Black/Black British,9S42.12,309643000,453109012
1968181000006113,Black or African or Caribbean or Black British: African - England and Wales ethnic category 2011 census,Black/Black British,9t0D.00,976891000000104,2485151000000115
453110019,Black Guyana,Black/Black British,9S42.13,309644006,453110019
154401000000118,Caribbean - ethnic category 2001 census,Black/Black British,9iB..00,107691000000105,154401000000118
459782019,Other black ethnic group,Black/Black British,9SG..00,315279003,459782019
459730016,Black - ethnic group,Black/Black British,,315240009,459730016
1968571000006117,Caribbean or Black: any other Black or Caribbean group - Scotland ethnic category 2011 census,Black/Black British,9t2G.00,978361000000101,2488221000000112
405067016,Caribbean I./W.I./Guyana (NMO),Black/Black British,9SA3.00,270463003,405067016
1968201000006114,Black or African or Caribbean or Black British: other Black or African or Caribbean background - England and Wales ethnic category 2011 census,Black/Black British,9t0F.00,976931000000109,2485231000000119
285932018,Black British,Black/Black British,9S41.00,185990008,285932018
158371000000111,Mixed Black - ethnic category 2001 census,Black/Black British,9iD3.00,92721000000106,158371000000111
405065012,Black N African/Arab/Iranian,Black/Black British,9S43.00,270461001,405065012
1968561000006112,"Caribbean or Black: Black, Black Scottish or Black British - Scotland ethnic category 2011 census",Black/Black British,9t2F.00,978341000000102,2488181000000119
141591000000113,Somali - ethnic category 2001 census,Black/Black British,9iD0.00,92711000000100,141591000000113
285953010,Other Black - Black/Asian orig,Black/Black British,9S52.00,186000006,285953010
1968551000006110,"Caribbean or Black: Caribbean, Caribbean Scottish or Caribbean British - Scotland ethnic category 2011 census",Black/Black British,9t2E.00,978271000000103,2488011000000113
1968531000006115,"African: African, African Scottish or African British - Scotland ethnic category 2011 census",Black/Black British,9t2C.00,978231000000100,2487931000000115
937731000006115,Other Black or Black unspecified - ethnic category 2001 census,Black/Black British,9iD4.00,92741000000104,141611000000117
1968111000006118,Mixed multiple ethnic groups: White and Asian - England and Wales ethnic category 2011 census,Mixed,9t06.00,976751000000104,2484871000000117
460153018,Black Caribbean and White,Mixed,9SB5.00,315634007,460153018
1968281000006117,Mixed multiple ethnic groups: White and Asian - Northern Ireland ethnic category 2011 census,Mixed,9t14.00,977431000000100,2486321000000118
4740361000006111,"Other ethnic, Asian/White origin",Mixed,,186021006,2764123018
141491000000112,Chinese and White - ethnic category 2001 census,Mixed,9i63.00,92601000000109,141491000000112
4740341000006112,"Other ethnic, Black/White origin",Mixed,,186020007,2763938013
141481000000110,Black and Chinese - ethnic category 2001 census,Mixed,9i61.00,92591000000103,141481000000110
285993013,"Other ethnic, other mixed orig",Mixed,9SB4.00,186023009,285993013
141471000000113,Black and Asian - ethnic category 2001 census,Mixed,9i60.00,92581000000100,141471000000113
1968261000006110,Mixed multiple ethnic groups: White and Black Caribbean - Northern Ireland ethnic category 2011 census,Mixed,9t12.00,977391000000108,2486241000000118
141341000000113,White and Asian - ethnic category 2001 census,Mixed,9i5..00,92441000000109,141341000000113
460154012,Black African and White,Mixed,9SB6.00,315635008,460154012
1968291000006119,Mixed multiple ethnic groups: any other Mixed or multiple ethnic background - Northern Ireland ethnic category 2011 census,Mixed,9t15.00,977551000000106,2486561000000119
285989019,"Other ethnic, mixed origin",Mixed,9SB..00,186019001,285989019
141321000000118,White and Black Caribbean - ethnic category 2001 census,Mixed,9i3..00,92421000000102,141321000000118
141331000000116,White and Black African - ethnic category 2001 census,Mixed,9i4..00,92431000000100,141331000000116
1968091000006110,Mixed multiple ethnic groups: White and Black Caribbean - England and Wales ethnic category 2011 census,Mixed,9t04.00,976711000000103,2484791000000114
1968121000006114,Mixed multiple ethnic groups: any other Mixed or multiple ethnic background - England and Wales ethnic category 2011 census,Mixed,9t07.00,976771000000108,2484911000000115
937511000006119,Other Mixed or Mixed unspecified - ethnic category 2001 census,Mixed,9i65.00,92621000000100,141501000000118
1968471000006116,Mixed or multiple ethnic groups: any Mixed or multiple ethnic group - Scotland ethnic category 2011 census,Mixed,9t26.00,978051000000102,2487561000000117
459729014,Mixed ethnic census group,Mixed,,315239007,459729014
157291000000115,Black and White - ethnic category 2001 census,Mixed,9i62.00,110771000000104,157291000000115
141351000000111,Other Mixed background - ethnic category 2001 census,Mixed,9i6..00,92451000000107,141351000000111
4740401000006118,"Other ethnic, other mixed origin",Mixed,,186023009,2668813019
1968271000006115,Mixed multiple ethnic groups: White and Black African - Northern Ireland ethnic category 2011 census,Mixed,9t13.00,977411000000108,2486281000000114
1968101000006116,Mixed multiple ethnic groups: White and Black African - England and Wales ethnic category 2011 census,Mixed,9t05.00,976731000000106,2484831000000119
138251000000111,Arab - ethnic category 2001 census,Other,9iF9.00,89001000000105,138251000000111
405068014,N African Arab/Iranian (NMO),Other,9SA4.00,270464009,405068014
411581014,North African Arab (NMO),Other,9SA4.11,275594002,411581014
138261000000114,Iranian - ethnic category 2001 census,Other,9iFD.00,89011000000107,138261000000114
1968391000006113,Other ethnic group: any other ethnic group - Northern Ireland ethnic category 2011 census,Other,9t1F.00,977871000000100,2487201000000119
141411000000115,Other - ethnic category 2001 census,Other,9iF..00,92521000000101,141411000000115
501416013,Fijian,Other,9T19.00,69865008,501416013
411575018,Black Iranian,Other,9S43.13,275588005,411575018
138271000000119,South and Central American - ethnic category 2001 census,Other,9iFH.00,89021000000101,138271000000119
142901000000119,Any other group - ethnic category 2001 census,Other,9iFK.00,94151000000105,142901000000119
411582019,Iranian (NMO),Other,9SA4.12,275595001,411582019
285960016,Brit. ethnic minor. unsp (NMO),Other,9SA2.00,186007009,285960016
937871000006114,"Middle Eastern (excluding Israeli, Iranian and Arab) - ethnic category 2001 census",Other,9iFB.00,94071000000100,142821000000118
1968211000006112,Other ethnic group: Arab - England and Wales ethnic category 2011 census,Other,9t0G.00,976951000000102,2485271000000117
142861000000114,Latin American - ethnic category 2001 census,Other,9iFG.00,94111000000106,142861000000114
286014014,Niuean,Other,9T17.00,186041001,286014014
1968381000006110,Other ethnic group: Arab - Northern Ireland ethnic category 2011 census,Other,9t1E.00,977851000000109,2487161000000110
1968221000006116,Other ethnic group: any other ethnic group - England and Wales ethnic category 2011 census,Other,9t0H.00,976971000000106,2485311000000117
285958018,Other ethnic non-mixed (NMO),Other,9SA..00,186005001,285958018
1968581000006119,"Other ethnic group: Arab, Arab Scottish or Arab British - Scotland ethnic category 2011 census",Other,9t2H.00,978381000000105,2488261000000116
286012013,New Zealand Maori,Other,9T13.00,186039002,286012013
142841000000113,Kurdish - ethnic category 2001 census,Other,9iFE.00,94091000000101,142841000000113
286015010,Tokelauan,Other,9T18.00,186042008,286015010
142851000000111,Moroccan - ethnic category 2001 census,Other,9iFF.00,94101000000109,142851000000111
507015012,Samoan,Other,9T14.00,86275006,507015012
285959014,Brit. ethnic minor. spec.(NMO),Other,9SA1.00,186006000,285959014
286013015,Cook Island Maori,Other,9T15.00,186040000,286013015
937941000006111,Multi-ethnic islands: Mauritian or Seychellois or Maldivian or St Helena - ethnic category 2001 census,Other,9iFJ.00,94121000000100,142871000000119
142831000000116,Israeli - ethnic category 2001 census,Other,9iFC.00,94081000000103,142831000000116
285988010,Other ethnic NEC (NMO),Other,9SAD.00,186005001,285958018
411574019,Black Arab,Other,9S43.12,275587000,411574019
286017019,Other Pacific ethnic group,Other,9T1A.00,372148003,1210724015
523591000000116,Yemeni,Other,9T3..00,296841000000102,523591000000116
1968591000006116,Other ethnic group: any other ethnic group - Scotland ethnic category 2011 census,Other,9t2J.00,978401000000105,2488301000000114
504723011,Tongan,Other,9T16.00,81560001,504723011
2486161000000112,White - Northern Ireland ethnic category 2011 census,White,9t10.00,977351000000100,2486161000000112
138231000000116,Albanian - ethnic category 2001 census,White,9i2K.00,88971000000106,138231000000116
142751000000115,Bosnian - ethnic category 2001 census,White,9i2L.00,93991000000103,142751000000115
285987017,Other European (NMO),White,9SAC.00,186017004,285987017
142701000000116,Greek - ethnic category 2001 census,White,9i27.00,93931000000104,142701000000116
142741000000118,Kosovan - ethnic category 2001 census,White,9i2J.00,93981000000100,142741000000118
141311000000112,Other White background - ethnic category 2001 census,White,9i2..00,92411000000108,141311000000112
141461000000118,Cornish - ethnic category 2001 census,White,9i23.00,92571000000102,141461000000118
405071018,Turkish/Turkish Cypriot (NMO),White,9SAB.00,270467002,405071018
158341000000117,British or mixed British - ethnic category 2001 census,White,9i0..00,92391000000108,158341000000117
1968461000006111,White: any other White ethnic group - Scotland ethnic category 2011 census,White,9t25.00,978031000000109,2487521000000113
141301000000110,Irish - ethnic category 2001 census,White,9i1..00,92401000000106,141301000000110
459728018,White - ethnic group,White,9S12.00,185984009,285926011
141441000000119,Welsh - ethnic category 2001 census,White,9i22.00,92551000000106,141441000000119
2484671000000118,White: Irish - England and Wales ethnic category 2011 census,White,9t01.00,976651000000108,2484671000000118
459726019,White British,White,9S10.00,315236000,459726019
141451000000116,Northern Irish - ethnic category 2001 census,White,9i24.00,92561000000109,141451000000116
142761000000117,Croatian - ethnic category 2001 census,White,9i2M.00,94001000000108,142761000000117
2487321000000116,White: other British - Scotland ethnic category 2011 census,White,9t21.00,977931000000106,2487321000000116
411596013,Turkish (NMO),White,9SAB.11,275601009,411596013
285925010,White,White,9S1..00,185984009,285925010
156921000000110,Turkish - ethnic category 2001 census,White,9i29.00,110401000000103,156921000000110
1968051000006116,White: English or Welsh or Scottish or Northern Irish or British - England and Wales ethnic category 2011 census,White,9t00.00,976631000000101,2484631000000115
286008019,Pakeha,White,9T11.11,186036009,286008019
1968251000006113,Irish Traveller - Northern Ireland ethnic category 2011 census,White,9t11.00,977371000000109,2486201000000116
1780407014,White Scottish,White,9S13.00,401213008,1780407014
1968071000006114,White: Gypsy or Irish Traveller - England and Wales ethnic category 2011 census,White,9t02.00,976671000000104,2484711000000117
1780408016,Other white British ethnic group,White,9S14.00,401214002,1780408016
405070017,Greek/Greek Cypriot (NMO),White,9SAA.00,270466006,405070017
138201000000110,Polish - ethnic category 2001 census,White,9i2F.00,88941000000100,138201000000110
1968441000006112,White: Gypsy or Irish Traveller - Scotland ethnic category 2011 census,White,9t23.00,977971000000108,2487401000000115
2645811000000115,Roma ethnic group,White,,718958002,2678971000000113
411595012,Greek Cypriot (NMO),White,9SAA.12,275600005,411595012
1063981000000117,White British - ethnic category 2001 census,White,9i00.00,494131000000105,1063981000000117
142721000000113,Turkish Cypriot - ethnic category 2001 census,White,9i2A.00,93951000000106,142721000000113
286009010,Other European in New Zealand,White,9T12.00,186037000,286009010
138171000000114,Irish Traveller - ethnic category 2001 census,White,9i2C.00,88911000000101,138171000000114
937411000006115,Other White or White unspecified - ethnic category 2001 census,White,9i2T.00,94051000000109,158491000000118
142791000000111,Other mixed White - ethnic category 2001 census,White,9i2S.00,94031000000102,142791000000111
157991000000110,Serbian - ethnic category 2001 census,White,9i2N.00,88981000000108,157991000000110
2487361000000112,White: Irish - Scotland ethnic category 2011 census,White,9t22.00,977951000000104,2487361000000112
158481000000115,Italian - ethnic category 2001 census,White,9i2B.00,93961000000109,158481000000115
141661000000115,Cypriot (part not stated) - ethnic category 2001 census,White,9i26.00,92791000000109,141661000000115
142781000000114,Mixed Irish and other White - ethnic category 2001 census,White,9i2Q.00,94021000000104,142781000000114
937301000006110,Baltic States (Estonian or Latvian or Lithuanian) - ethnic category 2001 census,White,9i2G.00,88951000000102,138211000000112
937371000006116,Other republics which made up the former Yugoslavia - ethnic category 2001 census,White,9i2P.00,94011000000105,142771000000112
411594011,Greek (NMO),White,9SAA.11,275599007,411594011
411597016,Turkish Cypriot (NMO),White,9SAB.12,275602002,411597016
937311000006113,Commonwealth of (Russian) Independent States - ethnic category 2001 census,White,9i2H.00,88961000000104,138221000000118
141431000000111,Scottish - ethnic category 2001 census,White,9i21.00,92541000000108,141431000000111
157281000000117,English - ethnic category 2001 census,White,9i20.00,110761000000106,157281000000117
142711000000119,Greek Cypriot - ethnic category 2001 census,White,9i28.00,93941000000108,142711000000119
2487281000000112,White: Scottish - Scotland ethnic category 2011 census,White,9t20.00,977911000000103,2487281000000112
459727011,White Irish,White,9S11.00,315237009,459727011
1064041000000111,White Irish - ethnic category 2001 census,White,9i10.00,494161000000100,1064041000000111
850671000006119,Gypsies,White,9T2..00,40182006,63802019
142691000000116,Ulster Scots - ethnic category 2001 census,White,9i25.00,93921000000101,142691000000116
285992015,"Other ethnic, mixed white orig",White,9SB3.00,186022004,285992015
2487481000000113,White: Polish - Scotland ethnic category 2011 census,White,9t24.00,978011000000101,2487481000000113
937391000006115,Other White European or European unspecified or Mixed European - ethnic category 2001 census,White,9i2R.00,94041000000106,142801000000110
138181000000111,Traveller - ethnic category 2001 census,White,9i2D.00,88921000000107,138181000000111
286007012,New Zealand European,White,9T11.00,186036009,286007012
4740381000006118,"Other ethnic, mixed white origin",White,,186022004,2668812012
285978014,Irish (NMO),White,9SA9.00,186014006,285978014
459786016,Irish traveller,White,9SI..00,315283003,459786016
138191000000113,Gypsy/Romany - ethnic category 2001 census,White,9i2E.00,88931000000109,138191000000113
1968081000006112,White: any other White background - England and Wales ethnic category 2011 census,White,9t03.00,976691000000100,2484751000000118
