medcodeid,term
88301000006110,"Trisomy 18, mitotic nondisjunction"
3345481000006119,"Niemann-Pick disease, type A"
7846631000006116,Lipomucopolysaccharidosis
6686801000006114,Port-wine stain in Rubinstein-Taybi syndrome
3650471000006118,MPSII - Mucopolysaccharidosis type II
2594671000006116,Norrbottnian Gaucher disease
378496017,Edward's syndrome NOS
5116671000006119,Zellweger's-like syndrome
12016661000006115,Distal trisomy 13q
8438641000006114,RLI (Reading and Language Intervention) for Children with Down Syndrome
12016821000006113,Mosaic trisomy 10 syndrome
3708621000006115,Complete trisomy 9 syndrome
3852221000006110,22q11 microdeletion with velocardiofacial syndrome phenotype
88291000006114,"Trisomy 18, meiotic nondisjunction"
424971000006111,Rett syndrome
5116681000006116,Zellweger like syndrome
7825861000006119,"Epiphyseal dysplasia, microcephalus, nystagmus syndrome"
3878001000006111,Restrictive cardiomyopathy secondary to mucopolysaccharidosis
3811881000006113,AIC - Aicardi syndrome
315395017,Trisomy 12
3937811000006114,Zellweger syndrome
293603019,Mucopolysaccharidosis NOS
7858951000006116,Myeloid leukemia co-occurrent with Down syndrome
754291000006111,Kinky hair syndrome
7762911000006111,Goldberg Shprintzen megacolon syndrome
88351000006114,"Trisomy 21, meiotic nondisjunction"
3603781000006111,"Niemann-Pick disease, type C, subacute form"
7781091000006114,Shprintzen-Goldberg syndrome
3729511000006110,MPSI - Mucopolysaccharidosis type I
5339951000006113,Partial trisomy 18 in Edward syndrome
3528203016,Trisomy 21
3510511000006112,"Gaucher's disease, type I"
4611111000006119,Trisomy 21 in amniotic fetal cell
893501000006110,Fragile X syndrome
12019111000006118,Trisomy 22 mosaicism
76004014,Rubinstein-Taybi syndrome
345138018,Aicardi Goutieres syndrome
6348371000006113,Translocation Down syndrome
97154016,Niemann-Pick disease
7858931000006111,Transient abnormal myelopoiesis and Down syndrome
315392019,Trisomy 9
293602012,Other specified mucopolysaccharidosis
3461251000006113,Menkes disease
3670581000006118,Childhood disintegrative disorder
3585401000006119,Niemann-Pick disease type C
1009631000006119,Cause of learning disabilities: Prader-Willi syndrome
3207351000006113,Smith-Lemli-Opitz syndrome
3670601000006111,Dementia infantilis
2589971000006113,Mucopolysaccharidosis type II mild form
616061000006115,DiGeorge syndrome
2740611000006112,CLS - Coffin-Lowry syndrome
3169981000006111,MPS III-A - Mucopolysaccharidosis III-A
696711000006119,Mucopolysaccharidosis type IV
4831001000006119,Trisomy 18 - meiotic nondisjunction
5116391000006114,Mucopolysaccharidosis IV-B
3562141000006117,Mucopolysaccharidosis type I-H
400778016,Congenital megalocornea
4759801000006113,Gaucher splenomegaly
8039151000006117,Trisomy 13 in fetus
2800311000006111,Niemann-Pick disease type D
7953531000006117,"Microcephalus, digital anomaly, intellectual disability syndrome"
1780502018,Smith-Magenis syndrome
222121000000113,Trisomy 21
12016891000006110,Trisomy 12 mosaicism
12019251000006113,Trisomy 7 mosaicism
293816016,[X]Other mucopolysaccharidoses
7958391000006116,"Microcephalus, glomerulonephritis, marfanoid habitus syndrome"
2615391000006119,"Mucopolysaccharidosis, MPS-IV-A"
12016831000006111,Mosaic trisomy 10
3658841000006114,"Tay-Sachs disease, variant AB"
3723351000006117,MPS III-C - Mucopolysaccharidosis III-C
3987531000006110,Somniosus microcephalus
1781041000006119,Fragile X associated tremor ataxia syndrome
2615481000006114,MPS IV-A-Mucopolysaccharidosis IV-A
1798621000000119,Chromosome 4q deletion syndrome
3461241000006111,Menkes kinky-hair syndrome
3345491000006116,"Niemann-Pick disease, acute neuropathic form"
3689381000006114,"Mucopolysaccharidosis, MPS-I-S"
1221474011,Deletion of short arm of chromosome 4
3914551000006112,Dilated cardiomyopathy secondary to mucopolysaccharidosis
7858961000006119,Myeloid leukemia and Down syndrome
600251000000118,Jacobsen syndrome
4829211000006113,Apert syndrome
127639017,Happy puppet syndrome
378494019,Partial trisomy 21 in Down's syndrome
7349161000006111,FXTAS - Fragile X associated tremor ataxia syndrome
12617221000006115,"Intellectual disability germline WGS (whole genome sequencing) using microarray, fragile X and sequencing targeting intellectual disability panel"
3474231000006111,Mucopolysaccharidosis III-B
40055016,Sandhoff disease
7858921000006113,Transient abnormal myelopoiesis co-occurrent with Down syndrome
2695051000006110,Infantile Gaucher disease
12027501000006113,Distal chromosome 18q deletion syndrome
315350012,"Trisomy 13, meiotic nondisjunction"
12019231000006118,Mosaic trisomy 7 syndrome
7959521000006118,"Microcephalus, lymphedema, chorioretinopathy syndrome"
7742191000006114,Pseudotrisomy 13 syndrome
3510501000006114,Chronic adult Gaucher's disease
7959511000006114,"Microcephalus, lymphoedema, chorioretinopathy syndrome"
7744311000006111,Shprintzen Goldberg omphalocele syndrome
68472012,Mongolism
3207091000006117,"Mucopolysaccharidosis, MPS-VII"
3689431000006118,MPS 1-S - Mucopolysaccharidosis type I-S
12024521000006110,Mosaic trisomy 9 syndrome
1781051000006117,Carrier of Fragile X gene mutation
3474151000006112,"Mucopolysaccharidosis, MPS-III-B"
7955161000006118,Dementia with Down syndrome
2928371000006119,"Mucopolysaccharidosis, MPS-I-H/S"
2681381000006117,MPS - Mucopolysaccharidosis
4759751000006118,Gaucher's disease
212921000006112,Prader-Willi Syndrome
1234786015,Velocardiofacial syndrome
628281000006114,Down's syndrome
2752081000006110,MPSIIID - Mucopolysaccharidosis type IIID
7789521000006116,Pseudo-Angelman syndrome
378493013,Down's syndrome NOS
377461000006113,[X]Disintegrative psychosis
96285014,Seckel syndrome
7732571000006116,Microcephalus co-occurrent with cervical spine fusion anomaly
3161051000006117,T21 - Trisomy 21
7953501000006113,Pfeiffer Mayer syndrome
5007611000006117,Symptomatic Lennox-Gastaut syndrome
3345521000006119,Niemann-Pick disease neuropathic type
4768791000006110,Cerebral degeneration in Gaucher disease
8334081000006112,Down syndrome height centile
7786171000006116,Microcephalus and intellectual disability with phalangeal and neurological anomaly syndrome
2594681000006118,Subacute neuronopathic Gaucher disease
378499012,Patau's syndrome NOS
315362011,Deletion of long arm of chromosome 13
2540251000006114,Dubowitz's syndrome
410930018,Heller cardiomyotomy
239991000006111,Patau syndrome
3629711000006110,Mucopolysaccharidosis type VI
12017491000006110,Distal trisomy 22q
2928411000006118,Mucopolysaccharidosis type I-H/S
3629671000006111,Mucopolysaccharidosis chondroitin sulfate B
19694018,Mucopolysaccharidosis
1224941015,Dubowitz syndrome
3528201019,Trisomy 18
3133771000006118,Niemann-Pick disease type B
1224878018,Trisomy 21 NOS
7953561000006114,"Microcephalus, hypergonadotropic hypogonadism, short stature syndrome"
7786691000006114,Trisomy 15q11q13
2752121000006112,Mucopolysaccharidosis III-D
10374011,Laurence-Moon-Biedl syndrome
3693561000006112,"Niemann-Pick disease, type E"
88391000006115,Trisomy 22
3723291000006117,"Mucopolysaccharidosis, MPS-III-C"
2108161000000114,18q deletion syndrome
8055801000006110,MPS (mucopolysaccharidosis) type VII screening test
63898012,Amsterdam dwarf
1235347013,Zellweger's syndrome
88261000006118,Trisomy 13 - mitotic nondisjunction mosaicism
7650211000006115,Periodontitis co-occurrent with Cohen syndrome
293326016,Gaucher disease
3905631000006115,"Niemann-Pick disease, type C, acute form"
12704151000006117,Apert's syndrome
3474181000006116,MPS III-B - Mucopolysaccharidosis III-B
314772015,Acrocephalosyndactyly (Apert)
315393012,Trisomy 10
88381000006118,"Trisomy 21, translocation"
296995010,Cerebral degeneration in mucopolysaccharidoses
2800301000006113,"Niemann-Pick disease, Nova Scotian"
405346013,Deletion of long arm of chromosome 18
3645121000006119,Pfeiffer syndrome
2154221000000110,Suspected acrodysostosis
12042621000006116,Lowe Kohn Cohen syndrome
315486012,Fragile X chromosome
315397013,Trisomy 22
7778711000006119,Zellweger-like syndrome without peroxisomal anomaly
63896011,Cornelia de Lange syndrome
25776014,Coffin-Lowry syndrome
3334491000006116,Complete trisomy 18 syndrome
1009641000006112,Cause of learning disabilities: Smith-Magenis syndrome
3629731000006116,Mucopolysaccharidosis chondroitin sulphate B
2117431000000110,Carrier of fragile X gene mutation
2108171000000119,Trisomy 9 mosaic syndrome
7650271000006112,Periodontitis associated with Down syndrome
3735361000006118,Cerebral gigantism syndrome
315391014,Trisomy 8
5116401000006111,Mucopolysaccharidosis type IVB
94131019,Cohen syndrome
7781071000006113,Shprintzen Goldberg craniosynostosis syndrome
1233940019,Sotos syndrome
3359601000006113,Gaucher lipid
2694991000006116,"Gaucher's disease, type II"
7650261000006117,Periodontitis co-occurrent with Down syndrome
3936451000006114,"Mucopolysaccharidosis, MPS-III"
3689421000006116,Mucopolysaccharidosis type I-S
12017611000006115,Distal trisomy 9q
3345531000006116,Niemann-Pick disease type A
1225197013,Pfeiffer's disease
12016871000006114,Mosaic trisomy 12 syndrome
2752041000006116,"Mucopolysaccharidosis, MPS-III-D"
3735371000006113,Cerebral giant
7771711000006114,Atypical Rett syndrome
696721000006110,"Mucopolysaccharidosis, type VI"
1803731000006114,Acrodysostosis
2752091000006113,MPS III-D - Mucopolysaccharidosis III-D
3693571000006117,"Niemann-Pick disease, adult non-neuronopathic"
1224880012,Trisomy 13 NOS
3461351000006119,MNK - Menkes syndrome
12451421000006118,Shprintzen syndrome
2504711000006119,"Mucopolysaccharidosis, MPS-IV"
88361000006111,"Trisomy 21, mitotic nondisjunction"
5339911000006112,Trisomy 21 - translocation
8248081000006110,Gaucher disease genotype determination
3650411000006110,"Mucopolysaccharidosis, MPS-II"
378500015,Partial trisomy 13 in Patau's syndrome
3689411000006112,Mucopolysaccharidosis type I mild form
7567381000006119,Down syndrome clinic
2647371000006119,Niemann-Pick cell
312877018,Microcephalus NOS
2665621000006114,Lesch-Nyhan disease
5485291000006111,"Heller operation, oesophagomyotomy"
7732621000006118,Microcephalus microcornea syndrome of Seemanova type
1009571000006115,Cause of learning disabilities: Fragile X syndrome
7868641000006118,Cerebral gigantism jaw cysts syndrome
394581000006118,[X]Kanner's syndrome
12020401000006111,Trisomy 7p22.1
3766041000006119,Complete trisomy 10 syndrome
2800291000006112,"Niemann-Pick disease, type D"
3528198012,Trisomy 13
12001911000006115,Distal trisomy 7p
3461341000006116,MK - Menkes syndrome
12010201000006117,Sotos syndrome 2
3629721000006119,MPS VI - Mucopolysaccharidosis VI
1803741000006116,Suspected acrodysostosis
2589191000006111,LMBB - Laurence-Moon-Bardet-Biedl syndrome
7744321000006115,Omphalocele syndrome Shprintzen Goldberg type
696731000006113,Mucopolysaccharidosis type VII
3188571000006110,Cri du chat
3585381000006119,"Niemann-Pick disease, type C"
3629661000006116,"Mucopolysaccharidosis, MPS-VI"
8055791000006114,Mucopolysaccharidosis type VII screening test
8039091000006110,"Foetal trisomy 21, Down syndrome"
3550355015,PBD-ZSS - Peroxisome biogenesis disorder Zellweger syndrome spectrum
5116351000006115,"Mucopolysaccharidosis, MPS-IV-B"
405349018,Deletion of short arm of chromosome 18
3510561000006110,Chronic non-neuropathic Gaucher disease
7786161000006111,Microcephalus facio-cardio-skeletal syndrome Hadziselimovic type
296990017,Cerebral degeneration in Gaucher's disease
1233939016,Cerebral gigantism
5414201000006117,Mucopolysaccharidoses marker
3133751000006111,"Niemann-Pick disease, type B"
12027511000006111,Distal 18q deletion syndrome
7776151000006118,Distal trisomy 10q
376631000006115,[X]Dementia infantalis
4159010,Microcephalus
1234038018,Angelman's syndrome
119577010,Heller's syndrome
3850861000006116,"Acrocephalosyndactyly, type III"
3161031000006112,Complete trisomy 21 syndrome
696681000006115,"Mucopolysaccharidosis, type 1"
7858941000006118,Myeloid leukaemia co-occurrent with Down syndrome
3133781000006115,Niemann-Pick disease non-neuropathic type
636711000006113,Edward's syndrome - trisomy 18
7858971000006114,Myeloid leukaemia and Down syndrome
2695061000006112,Cerebral acute Gaucher disease
2694971000006117,Acute neuronopathic Gaucher's disease
1232445010,William syndrome
137341000006114,Smith - Lemli - Opitz syndrome
12019091000006110,Mosaic trisomy 22 syndrome
126200014,Johanson-Blizzard syndrome
7757281000006119,Trisomy 10p
3207171000006117,MPS VII - Mucopolysaccharidosis VII
3562161000006118,Mucopolysaccharidosis type I severe form
612441000006114,Deletion of long arm of chromosome 21
557191000000119,Mowat-Wilson syndrome
3723341000006119,Mucopolysaccharidosis III-C
7806021000006117,Pfeiffer Singer Zschiesche syndrome
1233229018,Deletion of short arm of chromosome 5
261108013,Trisomy 21 in amniotic foetal cell
400911011,Apert's syndrome
3133761000006113,"Niemann-Pick disease, chronic non-neuronopathic"
212911000006116,Prader-Willi syndrome
3461321000006111,Kinky hair disease
5116361000006118,MPS IV-B - Mucopolysaccharidosis IV-B
294941015,Disintegrative psychosis NOS
1705901000006118,Angelman syndrome
2800321000006115,Niemann pick disease type D
4830961000006111,Mosaic Down syndrome
2835541000006116,Complete trisomy 13 syndrome
2815551000006110,Sturge-Weber-Dimitri syndrome
2477201014,Kanner's syndrome
187765019,Amaurotic familial idiocy
116814019,15q partial trisomy syndrome
223441000000119,Lesch - Nyhan syndrome
148214012,Prader-Willi syndrome
3169991000006114,Mucopolysaccharidosis type IIIA
5339941000006111,Trisomy 18 - translocation
378491010,Pseudotrisomy 18
2615491000006112,Mucopolysaccharidosis IV-A
3517496015,Multiple marker screen positive for trisomy 18
2594691000006115,Juvenile Gaucher disease
3169971000006113,MPSIIIA - Mucopolysaccharidosis type IIIA
3723381000006113,MPSIIIC - Mucopolysaccharidosis type IIIC
3461371000006112,Menke's kinky hair syndrome
7881441000006114,Pfeiffer Palm Teller syndrome
8020481000006111,Family history of Prader-Willi syndrome
7785931000006111,Microcephalus with cardiac defect and lung malsegmentation syndrome
3645131000006116,Pfeiffer-type acrocephalosyndactyly
12020791000006113,"Microcephalus, cerebellar hypoplasia, cardiac conduction defect syndrome"
3640971000006113,Partial deletion of short arm of chromosome 5 syndrome
7785901000006115,Microcephalus with brachydactyly and kyphoscoliosis syndrome
1798581000000119,Chromosome 22q11 deletion syndrome
378497014,Partial trisomy 18 in Edward's syndrome
119579013,Disintegrative psychosis
401910019,[X]Other childhood disintegrative disorder
3852211000006119,VCF-Velocardiofacial syndrome
5339981000006117,Partial trisomy 13 in Patau syndrome
1224879014,Trisomy 18 NOS
3474211000006117,MPSIIIB - Mucopolysaccharidosis type IIIB
5031301000006110,Laurence-Moon syndrome
2694981000006119,Infantile Gaucher's disease
5339921000006116,Partial trisomy 21 in Down syndrome
2752101000006119,Mucopolysaccharidosis type IIID
121311016,10q partial trisomy syndrome
2594641000006112,Juvenile Gaucher's disease
12016901000006114,Mosaic trisomy 12
2114791000000110,Kleefstra syndrome
1009651000006114,Cause of learning disabilities: Rett syndrome
12016851000006116,Trisomy 10 mosaicism
8334111000006118,Down syndrome weight centile
3562131000006110,MPS 1-H - Mucopolysaccharidosis type I-H
3729481000006119,"Mucopolysaccharidosis, MPS-I"
4759831000006117,Gaucher syndrome
12024681000006113,Non-distal trisomy 9q
3161041000006119,Down syndrome
3678671000006119,"Niemann-Pick disease, type C, chronic form"
3670621000006118,CDD - Childhood disintegrative disorder
12024531000006113,Trisomy 9 mosaicism
696691000006117,Mucopolysaccharidosis type II
88311000006113,Trisomy 18 - mitotic nondisjunction mosaicism
128696013,Trisomy 9p syndrome
12020961000006119,Proximal 18q deletion syndrome
2695021000006118,Infantile cerebral Gaucher's disease
4830941000006112,Trisomy 21- meiotic nondisjunction
7785871000006115,Microcephalus with albinism and digital anomaly syndrome
2695001000006111,Acute cerebral Gaucher's disease
3616571000006113,RTS - Rett syndrome
12450231000006113,Velocardiofacial syndrome
7785961000006119,Microcephalus cardiomyopathy syndrome
3750051000006112,Angelman syndrome
940371000006118,Fragile X syndrome
230471000006112,Pfeiffer's disease
2508311000006110,FRAXA - Fragile X syndrome
2594631000006119,Subacute neuronopathic Gaucher's disease
88271000006113,"Trisomy 13, translocation"
747231000006115,Lesch - Nyhan syndrome
2566611000006115,Long arm 18 deletion syndrome
18114013,Lesch-Nyhan syndrome
110901011,Acrodysostosis
12024671000006110,Non-telomeric trisomy 13q
696701000006117,Mucopolysaccharidosis type III
314773013,Acrocephalosyndactyly type V
388761000006114,[X]Heller's syndrome
3170011000006115,Mucopolysaccharidosis III-A
3345511000006110,"Niemann-Pick disease, acute neurovisceral form"
3510541000006111,Adult Gaucher disease
4194991000006113,Amaurotic familial idiocy
3811871000006110,Aicardi's syndrome
300046019,Mucopolysaccharidosis cardiomyopathy
88321000006117,"Trisomy 18, translocation"
12024701000006111,Non-telomeric trisomy 9q
7650221000006111,Periodontitis associated with Cohen syndrome
2920656014,Myeloid leukaemia associated with Down Syndrome
7806001000006110,Cardiocranial syndrome Pfeiffer type
2090010,Fragile X syndrome
12020971000006114,Proximal chromosome 18q deletion syndrome
315390010,Trisomy 7
2920381015,Myeloid leukemia associated with Down Syndrome
12010281000006114,"Microcephalus, complex motor and sensory axonal neuropathy syndrome"
88371000006116,Trisomy 21- mitotic nondisjunction mosaicism
3101881000006116,Prader-Willi syndrome AND diabetes
3440851000006110,Bird-headed dwarf of Seckel
2594661000006111,"Gaucher's disease, type III"
3689801000006112,Mucopolysaccharidosis type II severe form
600811000006111,Cri du chat syndrome
400910012,Acrocephalosyndactyly
7955171000006113,Dementia co-occurrent and due to Down syndrome
12759421000006112,FXTAS - Fragile X associated tremor ataxia syndrome
7786111000006113,Microcephalus cleft palate syndrome
7959581000006119,Summitt's acrocephalosyndactyly
2815521000006118,Sturge-Weber disease
2695041000006113,Acute neuronopathic Gaucher disease
5339971000006115,Trisomy 13 - translocation
3645141000006114,Acrocephalosyndactyly type 5
3562061000006117,"Mucopolysaccharidosis, MPS-I-H"
345281011,Lennox-Gastaut syndrome
1234503010,Aicardi syndrome
7881451000006111,PPT (Pfeiffer Palm Teller) syndrome
3510491000006118,Chronic non-neuropathic Gaucher's disease
3345501000006112,Classical Niemann-Pick disease
53891000006113,Wolff - Hirschorn syndrome
4829191000006112,Acrocephalosyndactyly type I
296991018,Cerebral degeneration in Niemann-Pick disease
2815491000006115,Sturge-Weber sequence
12024651000006117,Non-distal trisomy 13q
3666201000006115,Complete trisomy 22 syndrome
158401000006118,Rubenstein - Tayi syndrome
8333381000006113,Fragile X linkage genetic test
6686781000006110,Aplasia cutis in Johanson-Blizzard syndrome
2900005013,Fragile X associated tremor ataxia syndrome
107661000006110,Tay-Sach's disease
5007601000006115,Cryptogenic Lennox-Gastaut syndrome
7732141000006118,Camero Lituania Cohen syndrome
5116731000006114,Pseudo-Zellweger syndrome
137830014,Shprintzen syndrome
6686691000006118,Aplasia cutis in Trisomy 13 syndrome
88251000006115,"Trisomy 13, mitotic nondisjunction"
1922491000006113,Down syndrome body mass index centile
12018931000006119,Trisomy 15 mosaicism
3510521000006116,Noncerebral juvenile Gaucher's disease
7963321000006119,Isolated congenital megalocornea
698811000006110,Menkes syndrome
3735351000006115,Sotos' syndrome
3169871000006119,"Mucopolysaccharidosis, MPS-III-A"
3729521000006119,Mucopolysaccharidosis type I
4194961000006117,Tay-Sachs disease
127638013,Angelman syndrome
4611091000006111,Trisomy 21 in amniotic foetal cell
12017701000006113,Distal trisomy 22q11.2
12018921000006117,Mosaic trisomy 15 syndrome
3650491000006117,MPS 2 - Mucopolysaccharidosis 2
33473011,Sturge-Weber syndrome
4768851000006110,Cerebral degeneration in mucopolysaccharidosis
7574911000006113,CASK - Calcium/calmodulin-dependent serine protein kinase related intellectual disability
2379351000000119,Died in learning disability unit
12008551000006117,Craniodigital syndrome and intellectual disability syndrome
3980931000006116,MR - Mental retardation
7826561000006110,"MEHMO (mental retardation, epileptic seizures, hypogonadism and hypogenitalism, microcephaly, obesity) syndrome"
1823961000006113,Learning disability confirmed
2474675019,Referral to learning disability team
296586012,[X]Other mental retardation
8190841000006117,HoNOS-LD (health of the nation outcome scale for learning disabilities) score
7735011000006111,"Mental retardation, truncal obesity, retinal dystrophy and micropenis syndrome"
7953491000006117,"Preaxial polydactyly, colobomata, intellectual disability syndrome"
8367721000006112,HoNOS-LD (Health of the Nation Outcome Scales for People with Learning Disabilities) rating scale 16 score - level of self-care
8365491000006114,HoNOS-LD (Health of the Nation Outcome Scales for People with Learning Disabilities) rating scale 9 - problems associated with mood changes
12026121000006113,"Focal epilepsy, intellectual disability, dysarthria, ataxia syndrome"
7750931000006111,FRAXE intellectual disability syndrome
7953971000006110,"Thumb stiffness, brachydactyly, intellectual disability syndrome"
2740281000000114,Profound mental retardation without impairment of behaviour
1158111000000115,Preferred place of care - learning disability unit
1755021000006118,Learning disability annual health check invitation second letter
8365521000006111,HoNOS-LD (Health of the Nation Outcome Scales for People with Learning Disabilities) rating scale 11 - problems with eating and drinking
8027821000006113,Health of the Nation Outcome Scale for learning disabilities
7804531000006116,Arachnodactyly with abnormal ossification and intellectual disability syndrome
7742591000006119,Microcephaly with deafness and intellectual disability syndrome
1162931000000119,Learning disability annual health check telephone invitation
12703791000006110,Moderate mental retardation (I.Q. 35-49)
1860901000006112,Preferred place of care no longer learning disability unit
189611000000113,Learning disabilities health action plan offered
7825831000006111,"Lipodystrophy, intellectual disability, deafness syndrome"
3003321000006115,Profound learning disability with intelligence quotient less than 20
3756861000006116,Borderline mental retardation (Intelligence Quotient 70-85)
406158011,FH: Mental retardation
3505254013,"Alpha thalassemia intellectual disability syndrome, deletion type"
8296691000006110,Sheffield learning disabilities outcome measure score
12000381000006119,"Charcot-Marie-Tooth disease, deafness, intellectual disability syndrome"
7782201000006116,X-linked intellectual disability with cubitus valgus and dysmorphism syndrome
7958321000006118,"Hypo-and hypermelanotic cutaneous macules, retarded growth, intellectual disability syndrome"
8365571000006112,HoNOS-LD (Health of the Nation Outcome Scales for People with Learning Disabilities) rating scale 16 - level of self-care
1009551000006113,Cause of learning disabilities: Birth trauma
2474709017,Learning disabilities health action plan reviewed
7519881000006116,"Blepharophimosis-mental retardation syndrome, Say-Barber-Biesecker-Young-Simpson type"
2740541000000115,Mental retardation with minimal impairment of behaviour
7864361000006119,"Scaphocephaly, macrocephaly, maxillary retrusion, intellectual disability syndrome"
3155151000006112,Severe learning disability
7559961000006113,"Iris coloboma with ptosis, hypertelorism, and mental retardation"
3505255014,"Alpha thalassaemia intellectual disability syndrome, deletion type"
398201000006115,[X]Mental deficiency NOS
306561000000113,Seen in learning disabilities clinic
8367771000006113,HoNOS-LD (Health of the Nation Outcome Scales for People with Learning Disabilities) rating scale 3 score - other mental and behavioural problems
12177531000006112,Profound intellectual disability
7783991000006114,Pterygium colli with intellectual disability and digital anomaly syndrome
7874991000006119,X-linked intellectual disability Brooks type
296574014,"[X]Severe mental retardation, other impairments of behaviour"
1009541000006111,Cause of learning disabilities: Tuberous sclerosis
404861000006115,[X]Oth mental retard with statement no or min impairm behav
7882141000006114,X-linked intellectual disability Nascimento type
7782481000006112,X-linked intellectual disability with hypogammaglobulinaemia and progressive neurological deterioration syndrome
1222495016,[D]Global retardation
7749261000006115,AAMR ABS (American Association on Mental Retardation Adaptive Behaviour Scale) score
1009581000006117,Cause of learning disabilities: Late effect of head injury
7782191000006119,X-linked intellectual disability with corpus callosum agenesis and spastic quadriparesis syndrome
1941111000006118,Clinical Outcomes in Routine Evaluation Learning Disabilities
7850381000006114,"Retinitis pigmentosa, intellectual disability, deafness, hypogenitalism syndrome"
8459511000006116,Learning disability annual health check invitation email
8461341000006115,Enhanced/Intensive Support for learning disability
189601000000111,Learning disabilities administration status
7828691000006119,Severe X-linked intellectual disability Gustavson type
8187211000006115,Assessment using health of the nation outcome scale for learning disabilities
6862101000006113,Xerodermic idiocy
7758091000006113,X-linked epilepsy with learning disability and behaviour disorder syndrome
8434101000006114,Learning Disability and Communication TOM (Therapy Outcome Measure) participation score
7959541000006113,"MLCRD (microcephaly with or without chorioretinopathy, lymphedema or intellectual disability) syndrome"
7758071000006112,Microphthalmia with ankyloblepharon and intellectual disability syndrome
7740741000006119,Congenital cataract with intellectual disability and anal atresia and urinary defect syndrome
12026111000006117,"Focal epilepsy, intellectual disability, cerebro-cerebellar malformation syndrome"
302211000000112,Learning disabilities annual health assessment
8459481000006112,Learning disability annual health check invitation SMS (short message service) text message
3507761000006117,Late familial amaurotic idiocy
1009691000006115,Cause of learning disabilities: Other
251223010,Learning difficulties
7749231000006112,American Association on Mental Retardation Adaptive Behaviour Scale score
151009017,Mental retardation
7826081000006110,"Intellectual disability, balding, patella luxation, acromicria syndrome"
7953021000006110,Marfanoid habitus with autosomal recessive intellectual disability syndrome
1009531000006118,Cause of learning disabilities: Down's syndrome
12359021000006117,Lubs X-linked intellectual disability syndrome
201751000006110,Profound mental retardation with IQ less than 20
8367671000006115,HoNOS-LD (Health of the Nation Outcome Scales for People with Learning Disabilities) rating scale 11 score - problems with eating and drinking
3047021000006119,Hyperphosphatasemia with mental retardation
7782501000006119,X-linked intellectual disability and hypotonia with facial dysmorphism and aggressive behaviour syndrome
7803961000006117,Aniridia and intellectual disability syndrome
5117631000006115,Nutritional mental retardation
7844061000006110,Non-progressive cerebellar ataxia with intellectual disability
7775171000006116,Assessment using CORE - LD (Clinical Outcomes in Routine Evaluation - Learning Disabilities)
7749251000006117,AAMR ABS (American Association on Mental Retardation Adaptive Behavior Scale) score
6862091000006119,"Mental retardation, dwarfism, and gonadal hypoplasia due to xeroderma pigmentosa"
7772961000006115,CORE-LD (Clinical Outcomes in Routine Evaluation Learning Disabilities) risk score
7827461000006112,"Osteogenesis imperfecta, retinopathy, seizures, intellectual disability syndrome"
7780351000006110,X-linked intellectual disability Schimke type
7846651000006111,"Severe intellectual disability, epilepsy, anal anomaly, distal phalangeal hypoplasia syndrome"
8367801000006110,HoNOS-LD (Health of the Nation Outcome Scales for People with Learning Disabilities) rating scale 6 score - communication (problems with understanding)
7831901000006114,Mental retardation syndrome Belgian type
7850391000006112,"Retinitis pigmentosa, deafness, mental retardation, hypogonadism syndrome"
7813691000006118,"Seizure, sensorineural deafness, ataxia, intellectual disability, electrolyte imbalance syndrome"
7779101000006113,X-linked intellectual disability Shashi type
7810451000006116,"Aniridia, ptosis, intellectual disability, familial obesity syndrome"
7779171000006119,X-linked intellectual disability Shrimpton type
8434111000006112,Learning Disability and Communication TOM (Therapy Outcome Measure) wellbeing score
12178711000006112,Hyperphosphatasaemia with intellectual disability
7728711000006118,"Wilms tumour, aniridia, genitourinary anomalies and mental retardation syndrome"
1840501000006110,Special educational needs - moderate learning difficulties
12031251000006116,HIVEP2-related intellectual disability
8367631000006118,HoNOS-LD (Health of the Nation Outcome Scales for People with Learning Disabilities) rating scale 3E - others
8367681000006117,HoNOS-LD (Health of the Nation Outcome Scales for People with Learning Disabilities) rating scale 12 score - physical problems
2740351000000111,Severe mental retardation with significant impairment of behaviour
7806491000006110,"CHIME (coloboma, congenital heart disease, ichthyosiform dermatosis, intellectual disability, ear anomaly) syndrome"
12359581000006111,Progressive epilepsy-intellectual disability syndrome Finnish type
3493681000006118,Moderate learning disability
1009611000006113,Cause of learning disabilities: Microcephaly
8368101000006119,HoNOS-LD (Health of the Nation Outcome Scales for People with Learning Disabilities) rating scale 3A score - behaviour destructive to property
3354711000006119,Spastic amaurotic axonal idiocy
7780371000006117,X-linked intellectual disability Miles Carpenter type
1177021000000114,Learning disabilities annual health check declined
8367701000006119,HoNOS-LD (Health of the Nation Outcome Scales for People with Learning Disabilities) rating scale 14 score - activities of daily living at home
5606351000006116,Alpha thalassaemia-mental retardation syndrome
2740401000000117,Moderate mental retardation with minimal impairment of behaviour
12004001000006117,"Ichthyosis, alopecia, eclabion, ectropion, intellectual disability syndrome"
8337591000006110,Significant intellectual disability
7730461000006111,Assessment using AAMR ABS (American Association on Mental Retardation Adaptive Behaviour Scale)
7574901000006110,CASK related intellectual disability
7810281000006113,"Alopecia, psychomotor epilepsy, periodontal pyorrhoea, intellectual disability syndrome"
7775161000006111,Assessment using Clinical Outcomes in Routine Evaluation Learning Disabilities
7558781000006111,"PPMX - Mental retardation with psychosis, pyramidal signs, and macroorchidism"
7780441000006117,X-linked intellectual disability Abidi type
7282241000006112,Nonverbal learning disability
7963201000006116,"Ectodermal dysplasia, intellectual disability, central nervous system malformation syndrome"
667621000006119,Feeble-minded
7560051000006114,Partington x-linked mental retardation syndrome
3501751000006112,Amaurotic idiocy juvenile type
1009621000006117,Cause of learning disabilities: Phenylketonuria
7810271000006110,"ACD (alopecia, contracture, dwarfism) mental retardation syndrome"
7745751000006114,Intellectual disability and short stature with hand contracture and genital anomaly syndrome
12009521000006116,"Intellectual disability, alacrima, achalasia syndrome"
7953651000006113,"Ichthyosis, intellectual disability, dwarfism, renal impairment syndrome"
7812761000006110,"Intellectual disability, epilepsy, bulbous nose syndrome"
1872731000006110,Special education needs - learning difficulty
7882151000006111,"X-linked intellectual disability, nail dystrophy, seizures syndrome"
7772951000006117,Clinical Outcomes in Routine Evaluation Learning Disabilities risk score
12077271000006118,PPP2R5D-related intellectual disability
2528351000006115,General learning disability
398661000006116,[X]Mld mental retard with statement no or min impairm behav
426541000006119,[X]Sev mental retardation without mention impairment behav
411791000006118,[X]Other mental retardation without mention impairment behav
2452401000000113,Community learning disability care plan
3047011000006110,Hyperphosphatasaemia with mental retardation
1177051000000116,Did not attend learning disabilities annual health check
8368131000006110,"HoNOS-LD (Health of the Nation Outcome Scales for People with Learning Disabilities) rating scale 3D score - anxiety, phobias, obsessive or compulsive behaviour"
7779221000006113,X-linked intellectual disability Siderius type
7809741000006117,"Brachycephaly, deafness, cataract, intellectual disability syndrome"
7782491000006110,X-linked intellectual disability with hypogammaglobulinemia and progressive neurological deterioration syndrome
787151000006113,Idiocy
7958141000006110,"Spastic paraplegia, glaucoma, intellectual disability syndrome"
386751000006111,[X]Feeble-mindedness
8195041000006117,Cause of learning disability
7786181000006118,Microcephaly and intellectual disability with phalangeal and neurological anomaly syndrome
5932891000006111,American Association on Mental Retardation (AAMR) adaptive behavior scale
423521000006119,[X]Profound mental subnormality
7779251000006116,X-linked intellectual disability Stoll type
8337561000006119,Significant learning disability
5932901000006110,American Association on Mental Retardation adaptive behavior scale
12023851000006118,"Cryptorchidism, arachnodactyly, intellectual disability syndrome"
2740441000000119,Mild mental retardation with minimal impairment of behaviour
2740451000000116,Mild mental retardation with impairment of behaviour
7811761000006116,Deafness and intellectual disability Martin Probst type syndrome
12009571000006115,"Intellectual disability, brachydactyly, Pierre Robin syndrome"
2740341000000113,Severe mental retardation without significant impairment of behaviour
7780341000006113,X-linked intellectual disability Wilson type
7782591000006114,Syndromic X-linked intellectual disability due to JARID1C (jumonji at-rich interactive domain 1c) mutation
7772541000006110,CORE-LD (Clinical Outcomes in Routine Evaluation - Learning Disabilities) total score
8296651000006116,Assessment using Sheffield learning disabilities outcome measure
7957711000006111,"Metaphyseal dysostosis, intellectual disability, conductive deafness syndrome"
8367621000006116,"HoNOS-LD (Health of the Nation Outcome Scales for People with Learning Disabilities) rating scale 3D - anxiety, phobias, obsessive or compulsive behaviour"
1620441000006116,Learning disability
882801000006117,Mental subnormality NOS
1855811000006118,Learning disability monitoring in primary care
398251000006116,[X]Mental subnormality NOS
7560121000006116,Snyder-Robinson x-linked mental retardation syndrome
3910951000006114,Mild learning disability
398231000006111,[X]Mental retardation
621631000000114,Referral to learning disabilities psychiatrist
7567011000006112,Lubs X-linked mental retardation syndrome
7780391000006116,X-linked intellectual disability Cilliers type
7791271000006118,X-linked intellectual disability Cabezas type
398651000006118,[X]Mld mental retard sig impairment behav req attent/treatmt
1887331000006119,Specific learning disability
2731811000006117,Amaurotic idiocy late infantile type
2740311000000112,Profound mental retardation with impairment of behaviour
7730431000006119,Assessment using American Association on Mental Retardation Adaptive Behaviour Scale
7772531000006117,Clinical Outcomes in Routine Evaluation Learning Disabilities total score
12048691000006117,"Activity dependent neuroprotector homeobox related multiple congenital anomalies, intellectual disability, autism spectrum disorder"
6989771000006117,X-linked mental retardation with marfanoid habitus syndrome
12178721000006116,Hyperphosphatasemia with intellectual disability
7855071000006118,"Growth delay, deafness, intellectual disability syndrome"
3003341000006110,"Profound learning disability, intelligence quotient less than 20"
2740391000000115,Moderate mental retardation with significant impairment of behaviour
431231000006115,"[X]Unspecified mental retardatn, other impairments of behav"
5941451000006113,Under care of psychiatrist for mental handicap
12002931000006115,"Cerebellar ataxia, intellectual disability, oculomotor apraxia, cerebellar cysts syndrome"
8313061000006110,Learning disability service
8367791000006114,HoNOS-LD (Health of the Nation Outcome Scales for People with Learning Disabilities) rating scale 5 score - memory and orientation
7741171000006119,Goniodysgenesis with intellectual disability and short stature syndrome
7938041000006112,"X-linked intellectual disability, limb spasticity, retinal dystrophy, diabetes insipidus syndrome"
1009801000006111,Level of support for person with adult learning disablts. (ALD)
8365541000006116,HoNOS-LD (Health of the Nation Outcome Scales for People with Learning Disabilities) rating scale 13 - seizures
8187221000006111,Assessment using HoNOS-LD (health of the nation outcome scale for learning disabilities)
3507791000006113,Amaurotic idiocy adult type
3003311000006111,Profound mental retardation (Intelligence Quotient below 20)
7779261000006119,X-linked intellectual disability Turner type
417681000006116,[X]Overactive disorder assoc mental retard/stereotype movts
7741181000006116,Goniodysgenesis with mental deficiency and short stature
2435151000000112,Intellectual development disorder of unknown aetiology
7782161000006110,X-linked intellectual disability with cerebellar hypoplasia syndrome
7786891000006113,Disorder of sex development with intellectual disability syndrome
7730701000006117,Alpha thalassemia X-linked intellectual disability syndrome
7782561000006118,X-linked intellectual disability Ahmad type
7791291000006117,X-linked intellectual disability with plagiocephaly syndrome
7558791000006114,"X-linked mental retardation, syndromic 13"
7866201000006117,"X-linked spasticity, intellectual disability, epilepsy syndrome"
8367741000006117,HoNOS-LD (Health of the Nation Outcome Scales for People with Learning Disabilities) rating scale 18 score - occupation and activities
7577251000006111,"Microcephaly, mental retardation and distinct features, with or without Hirschsprung disease"
7577051000006119,Progressive epilepsy with mental retardation
2403181000000114,Seen by learning disability team
7831931000006118,"Intellectual disability, developmental delay, contracture syndrome"
2731761000006112,"Amaurotic idiocy, late infantile type"
7780891000006111,Osteopoikilosis with short stature and intellectual disability syndrome
1759311000006114,Health of the nation outcome scale learning disabilities score
8458421000006118,Emergency hospital admission to learning disability service
12357871000006119,Blepharophimosis-intellectual disability syndrome Maat-Kievit-Brunner type
7831911000006112,"Intellectual disability, hypoplastic corpus callosum, preauricular tag syndrome"
1941121000006114,CORE - LD (Clinical Outcomes in Routine Evaluation - Learning Disabilities)
7810901000006111,Postaxial polydactyly and intellectual disability syndrome
7813711000006115,"SESAME (seizures, sensorineural deafness, ataxia, mental retardation, electrolyte imbalance) syndrome"
12000401000006119,"Hereditary motor and sensory neuropathy with deafness, intellectual disability and absent sensory large myelinated fibres"
3155181000006116,Severe mental retardation (Intelligence Quotient 20-34)
12728531000006116,Other specified mental retardation NOS
3505252012,Alpha-thalassaemia intellectual disability syndrome linked to chromosome 16
12358681000006116,Partington X-linked intellectual disability syndrome
5095461000006114,"Prune belly syndrome with pulmonic stenosis, mental retardation and deafness"
398381000006119,[X]Mild mental retardation
785941000006115,Imbecile
8367811000006113,HoNOS-LD (Health of the Nation Outcome Scales for People with Learning Disabilities) rating scale 7 score - communication (problems with expression)
296557014,"[X]Mild mental retardation, other impairments of behaviour"
8367591000006118,HoNOS-LD (Health of the Nation Outcome Scales for People with Learning Disabilities) rating scale 3A - behaviour destructive to property
8367781000006111,HoNOS-LD (Health of the Nation Outcome Scales for People with Learning Disabilities) rating scale 4 score - attention and concentration
395051000006119,[X]Learn acquisition disab NOS
751221000000117,Examination of learning disabled patient
12022561000006112,Birk Barel mental retardation dysmorphism syndrome
1755031000006115,Learning disability annual health check invitation third letter
12491421000006112,Clinical Outcomes in Routine Evaluation - Learning Disabilities
7779031000006118,X-linked recessive intellectual disability and macrocephaly with ciliary dysfunction syndrome
264621015,Mental handicap problem
7758101000006119,X-linked epilepsy with learning disability and behavior disorder syndrome
7806471000006114,"Coloboma, congenital heart disease, ichthyosiform dermatosis, intellectual disability ear anomaly syndrome"
7742291000006117,Hypospadias and intellectual disability syndrome Goldblatt type
2740301000000110,Profound mental retardation with minimal impairment of behaviour
7959031000006111,Megalocornea with intellectual disability syndrome
2474674015,Learning disabilities health assessment
7750941000006118,Intellectual disability associated with fragile site FRAXE
8365431000006110,HoNOS-LD (Health of the Nation Outcome Scales for People with Learning Disabilities) rating scale 4 - attention and concentration
398391000006116,Mild intellectual disability
1550051000000113,Profound learning disability
1009681000006118,Cause of learning disabilities: Unknown/despite investigation
3505251017,Alpha-thalassemia intellectual disability syndrome linked to chromosome 16
5954321000006111,Referral to psychiatrist for mental handicap
7782551000006115,Syndromic X-linked intellectual disability type 7
398771000006118,[X]Mod mental retard with statement no or min impairm behav
3003361000006114,Profound learning disability
7810331000006116,"Alport syndrome, intellectual disability, midface hypoplasia, elliptocytosis syndrome"
7809721000006112,"Type 1 syndactyly, microcephaly, intellectual disability syndrome"
3462461000006115,"Cutis laxa, corneal clouding AND mental retardation"
8368141000006117,HoNOS-LD (Health of the Nation Outcome Scales for People with Learning Disabilities) rating scale 3E score - others
7830611000006113,Congenital cataract with hypertrichosis and intellectual disability syndrome
426531000006112,[X]Sev mental retard with statement no or min impairm behav
1164251000000114,Learning disability annual health check letter invitation
395061000006117,Learning disability
7749241000006119,American Association on Mental Retardation Adaptive Behavior Scale score
8333361000006115,Learning disability microarray comprehensive genetic test
7735021000006115,"MORM (mental retardation, truncal obesity, retinal dystrophy, micropenis) syndrome"
12368901000006113,"Intellectual disability, epileptic seizures, hypogonadism and hypogenitalism, microcephaly, obesity syndrome"
1741521000006113,Did not attend learning disabilities annual health assessment
8365511000006115,HoNOS-LD (Health of the Nation Outcome Scales for People with Learning Disabilities) rating scale 10 - problems with sleeping
7730451000006114,Assessment using AAMR ABS (American Association on Mental Retardation Adaptive Behavior Scale)
12009531000006118,"Intellectual disability, polydactyly, uncombable hair syndrome"
3493661000006111,"Moderate learning disability, intelligence quotient in range 35-49"
430071000006118,[X]Unsp mental retardation without mention impairment behav
7574921000006117,Calcium/calmodulin-dependent serine protein kinase related intellectual disability
705691000006116,Mental retardation screen
3507771000006112,Amaurotic idiocy late familial
8027831000006111,HoNOS-LD - Health of the Nation Outcome Scale for learning disabilities
12008051000006111,Intellectual disability due to nutritional deficiency
7786901000006112,Pseudohermaphroditism with intellectual disability syndrome
426591000006111,Severe intellectual disability
8365561000006117,HoNOS-LD (Health of the Nation Outcome Scales for People with Learning Disabilities) rating scale 15 - activities of daily living outside the home
7959531000006115,"MLCRD (microcephaly with or without chorioretinopathy, lymphoedema or intellectual disability) syndrome"
8365371000006117,HoNOS-LD (Health of the Nation Outcome Scales for People with Learning Disabilities) rating scale 1 - behavioural problems (directed at others)
7844761000006113,"Corneal anaesthesia, deafness, intellectual disability syndrome"
3910931000006119,"Mild learning disability, intelligence quotient in range 50-70"
4538731000006118,LD - Learning difficulties
12022551000006110,"Intellectual disability, hypotonia, facial dysmorphism syndrome"
7791241000006114,X-linked intellectual disability with precocious puberty and obesity syndrome
7779241000006118,X-linked intellectual disability Stocco Dos Santos type
7782581000006111,Syndromic X-linked intellectual disability due to jumonji at-rich interactive domain 1c mutation
7791161000006118,"Deafness, onychodystrophy, osteodystrophy, intellectual disability syndrome"
3155191000006118,"Severe learning disability, intelligence quotient in range 20-34"
7782471000006114,X-linked intellectual disability and epilepsy with progressive joint contracture and facial dysmorphism syndrome
857391000006110,Referral to learning disability team
8367751000006115,HoNOS-LD (Health of the Nation Outcome Scales for People with Learning Disabilities) rating scale 2 score - behavioural problems directed towards self (self-injury)
12487771000006110,Mental retardation NOS
7876361000006116,"CAMOS (cerebellar ataxia, mental retardation, optic atrophy, skin abnormalities) syndrome"
7812791000006119,Ectodermal dysplasia with skin anomaly and intellectual disability
507246016,"Mild mental retardation, IQ in range 50-70"
12460891000006119,Mental retardation screening
12035891000006114,"Brachydactyly, mesomelia, intellectual disability, heart defect syndrome"
7560131000006118,"Mental retardation, x-linked, Snyder-Robinson type"
7778221000006116,X-linked intellectual disability with ataxia and apraxia syndrome
7730441000006112,Assessment using American Association on Mental Retardation Adaptive Behavior Scale
7780411000006116,X-linked intellectual disability Cantagrel type
1129811000000119,Moderate learning disability
2740291000000111,Profound mental retardation with significant impairment of behaviour
7778231000006118,X-linked intellectual disability Zorick type
7577261000006113,Hirschsprung disease-mental retardation syndrome
7782511000006116,X-linked intellectual disability and hypotonia with facial dysmorphism and aggressive behavior syndrome
7764831000006116,X-linked mental retardation Reish type
12197931000006114,Borderline intellectual disability
7826551000006113,"Mental retardation, epileptic seizures, hypogonadism and hypogenitalism, microcephaly, obesity syndrome"
398821000006114,[X]Moderate mental subnormality
7791811000006114,Ulna hypoplasia with intellectual disability syndrome
7742511000006112,Early onset parkinsonism and intellectual disability syndrome
7764821000006119,"Brain anomaly, severe mental retardation, ectodermal dysplasia, skeletal deformity, ear anomaly, kidney dysplasia syndrome"
404851000006117,[X]Oth mental retard sig impairment behav req attent/treatmt
12009581000006117,Intellectual disability Wolff type
12703921000006110,Profound mental retardation (I.Q. below 20)
1755011000006114,Learning disability annual health check invitation first letter
2452421000000116,Learning disability care plan
7850201000006113,Seizures and intellectual disability due to hydroxylysinuria syndrome
1741551000006116,Excepted from learning disability quality indicators - informed dissent
398781000006115,[X]Mod mental retardation without mention impairment behav
7780421000006112,X-linked intellectual disability Armfield type
12337641000006113,X-linked intellectual disability with marfanoid habitus
7951861000006110,"Branchial dysplasia, intellectual disability, inguinal hernia syndrome"
7779231000006111,X-linked intellectual disability Stevenson type
12007841000006118,"Aortic arch anomaly, facial dysmorphism, intellectual disability syndrome"
7733121000006115,"Spastic paraplegia, intellectual disability and thin corpus callosum"
7953461000006113,Absent eyebrows and eyelashes with intellectual disability syndrome
12011241000006112,"Pachygyria, intellectual disability, epilepsy syndrome"
12077281000006115,PPP2R5D (protein phosphatase 2 regulatory subunit b (b56) delta) related intellectual disability
7810701000006113,Hair defect with photosensitivity and intellectual disability syndrome
7755151000006112,Hypoplasia of corpus callosum and mental retardation with adducted thumbs and spasticity and hydrocephalus syndrome
1704791000006112,Excluded from diabetic retinopathy screening as learning disability
2731751000006110,"Amaurotic idiocy, early juvenile type"
7780801000006116,Uveal coloboma with cleft lip and palate and intellectual disability syndrome
296565012,[X]Mod retard oth behav impair
7782571000006113,Syndromic X-linked intellectual disability due to JARID1C mutation
12487761000006115,Mental retardation
12358691000006118,X-linked intellectual disability Snyder type
5932881000006113,American Association on Mental Retardation (AAMR) adaptive behaviour scale
7951691000006118,"Osteopenia, intellectual disability, sparse hair syndrome"
1175631000000111,Exception reporting - learning disability quality indicators
5130041000006112,Keratoderma with mental retardation and spastic paraplegia
342177013,Intellectual functioning disability
8365461000006118,HoNOS-LD (Health of the Nation Outcome Scales for People with Learning Disabilities) rating scale 7 - communication (problems with expression)
7779041000006111,X-linked intellectual disability Seemanova type
7777561000006111,"Spondyloepiphyseal dysplasia, craniosynostosis, cleft palate, cataract and intellectual disability syndrome"
3493651000006114,Moderate mental retardation (Intelligence Quotient 35-49)
7728681000006119,"Wilms tumor, aniridia, genitourinary anomalies and mental retardation syndrome"
398241000006118,[X]Mental retardation with autistic features
12703781000006112,Mild mental retardation (I.Q. 50-70)
8365421000006112,HoNOS-LD (Health of the Nation Outcome Scales for People with Learning Disabilities) rating scale 3 - other mental and behavioural problems
8365451000006115,HoNOS-LD (Health of the Nation Outcome Scales for People with Learning Disabilities) rating scale 6 - communication (problems with understanding)
1550041000000110,Mild learning disability
2740431000000111,Mild mental retardation with significant impairment of behaviour
1162851000000116,Learning disability annual health check invitation
7804941000006118,Limb girdle muscular dystrophy with intellectual disability syndrome
8365601000006117,HoNOS-LD (Health of the Nation Outcome Scales for People with Learning Disabilities) rating scale 18 - occupation and activities
8367601000006114,HoNOS-LD (Health of the Nation Outcome Scales for People with Learning Disabilities) rating scale 3B - problems with personal behaviours
7750911000006117,Female restricted epilepsy with intellectual disability syndrome
2740381000000117,Moderate mental retardation without significant impairment of behaviour
7804811000006112,Ataxia with deafness and intellectual disability syndrome
295664013,Intellectual disability
7791521000006116,"X-linked intellectual disability, macrocephaly, macroorchidism syndrome"
2740421000000114,Mild mental retardation without significant impairment of behaviour
7811821000006115,"Dentinogenesis imperfecta, short stature, hearing loss, intellectual disability syndrome"
12048671000006118,"ADNP-related multiple congenital anomalies, intellectual disability, autism spectrum disorder"
12181611000006117,Severe intellectual disability
7811781000006114,X-linked deafness and intellectual disability syndrome
7791251000006111,X-linked intellectual disability with seizure and psoriasis syndrome
7728701000006116,"WAGR (Wilms tumour, aniridia, genitourinary anomalies and mental retardation) syndrome"
8434091000006115,Learning Disability and Communication TOM (Therapy Outcome Measure) impairment score
7774271000006110,X-linked intellectual disability Atkin type
7832211000006114,Skeletal dysplasia with intellectual disability syndrome
7830631000006119,"CAHMR (cataract, hypertrichosis, mental retardation) syndrome"
12024021000006115,"Intellectual disability, myopathy, short stature, endocrine defect syndrome"
7733041000006111,"Distal osteolysis, short stature and intellectual disability"
401902015,[X]Unspecified mental retardation
7807621000006113,Aural atresia with multiple congenital anomalies and intellectual disability syndrome
8333341000006119,Learning disability microarray targeted genetic test
7810301000006112,"Alopecia, psychomotor epilepsy, periodontal pyorrhea, intellectual disability syndrome"
7843171000006116,Hypotrichosis and intellectual disability syndrome Lopes type
12457691000006113,Family history of mental retardation
12703941000006115,Severe mental retardation (I.Q. 20-34)
7852451000006112,Laryngeal abductor paralysis with intellectual disability syndrome
12491431000006110,CORE - LD (Clinical Outcomes in Routine Evaluation - Learning Disabilities)
1129781000000117,Severe learning disability
2548475019,On learning disability register
7826481000006116,"MEDNIK (mental retardation, enteropathy, deafness, peripheral neuropathy, ichtyosis, keratodermia) syndrome"
12000391000006116,"Hereditary motor and sensory neuropathy with deafness, intellectual disability and absent sensory large myelinated fibers"
2249771000000115,Under care of community learning disability team
12022541000006113,Intellectual disability Birk-Barel type
882771000006119,Mild mental retardation
7743661000006115,Alopecia and intellectual disability syndrome
8365531000006114,HoNOS-LD (Health of the Nation Outcome Scales for People with Learning Disabilities) rating scale 12 - physical problems
7850191000006110,Seizures and intellectual disability due to hydroxylysinuria
1856981000006110,Learning disability follow-up
12077291000006117,Protein phosphatase 2 regulatory subunit b (b56) delta-related intellectual disability
2474676018,Discharge from learning disability team
296592018,"[X]Other mental retardation, other impairments of behaviour"
8367821000006117,HoNOS-LD (Health of the Nation Outcome Scales for People with Learning Disabilities) rating scale 8 score - problems associated with hallucinations and delusions
8191411000006110,[X]Severe learning disability
2474708013,Learning disabilities health action plan declined
8367641000006111,HoNOS-LD (Health of the Nation Outcome Scales for People with Learning Disabilities) rating scale 1 score - behavioural problems (directed at others)
7842381000006111,"Microcephaly, seizure, intellectual disability, heart disease syndrome"
7806011000006113,Craniosynostosis with congenital heart disease and intellectual disability syndrome
1162891000000112,Learning disability annual health check verbal invitation
12321891000006112,"Intellectual disability, congenital heart disease, blepharophimosis, blepharoptosis and hypoplastic teeth"
423511000006110,"[X]Profound mental retardation, other impairments of behavr"
430081000006115,[X]Unsp mentl retard sig impairment behav req attent/treatmt
7782221000006114,"X-linked Dandy-Walker malformation with intellectual disability, basal ganglia disease and seizure syndrome"
2221871000000111,Sheffield learning disabilities outcome measure
882791000006118,Severe mental retardation
7865921000006113,"Severe intellectual disability, hypoplasia of thumb and hallux syndrome"
7938121000006116,"Cortical blindness, intellectual disability, polydactyly syndrome"
1158321000000112,Preferred place of death: learning disability unit
12031261000006119,Human immunodeficiency virus type I enhancer binding protein 2 related intellectual disability
7845931000006115,"Spastic quadriplegia, retinitis pigmentosa, intellectual disability syndrome"
2740371000000119,Severe mental retardation with impairment of behaviour
7828621000006116,"Spastic paraplegia, intellectual disability, palmoplantar hyperkeratosis syndrome"
7558731000006110,"X-linked mental retardation syndrome, Christianson type"
426521000006114,[X]Sev mental retard sig impairment behav req attent/treatmt
1840531000006119,Special educ need-complex learning difficulties and disabilities
7881911000006118,"Intellectual disability, cataract, calcified pinna, myopathy syndrome"
1009671000006116,Cause of learning disablts: Unknown/awaiting investigation
8367711000006116,HoNOS-LD (Health of the Nation Outcome Scales for People with Learning Disabilities) rating scale 15 score - activities of daily living outside the home
8365471000006113,HoNOS-LD (Health of the Nation Outcome Scales for People with Learning Disabilities) rating scale 8 - problems associated with hallucinations and delusions
12079711000006114,"Tall stature, intellectual disability, facial dysmorphism syndrome"
7730691000006117,Alpha thalassaemia X-linked intellectual disability syndrome
7830851000006110,"Microcephaly, intracranial calcification, intellectual disability syndrome"
700071000006118,"Moderate mental retardation, IQ in range 35-49"
3756831000006113,Borderline mental retardation
1856971000006112,Did not attend learning disability monitoring
2740511000000116,Mental retardation with significant impairment of behaviour
1009601000006110,Cause of learning disabilities: Congenital hydrocephalus
295661017,Other specified mental retardation
8367611000006112,"HoNOS-LD (Health of the Nation Outcome Scales for People with Learning Disabilities) rating scale 3C - rocking, stereotyped and ritualistic behaviour"
398811000006118,Moderate intellectual disability
2534201018,Completion of learning disabilities health action plan
7845921000006118,"Spastic tetraplegia, retinitis pigmentosa, intellectual disability syndrome"
7853111000006110,Choroid plexus calcification and mental retardation
882781000006116,Moderate mental retardation
461293018,Intellectual disability screening
8365551000006119,HoNOS-LD (Health of the Nation Outcome Scales for People with Learning Disabilities) rating scale 14 - activities of daily living at home
2731801000006115,Amaurotic idiocy early juvenile type
4976471000006117,Intellectual disability
7791541000006111,X-linked intellectual disability with acromegaly and hyperactivity syndrome
9881000006115,Other specified mental retardation
7728691000006116,"WAGR (Wilms tumor, aniridia, genitourinary anomalies and mental retardation) syndrome"
7830651000006114,Congenital cataract with intellectual disability and hypogonadotropic hypogonadism syndrome
7874821000006113,Intellectual disability Buenos Aires type
7958311000006114,"Hereditary congenital hypomelanotic and hypermelanotic cutaneous macules, growth retardation, intellectual disability syndrome"
2740481000000110,Mental retardation without significant impairment of behaviour
7842791000006113,Fallot complex with intellectual disability and growth delay syndrome
7826471000006119,"Intellectual disability, enteropathy, deafness, peripheral neuropathy, ichthyosis, keratoderma syndrome"
7824221000006111,Hypogonadism with mitral valve prolapse and intellectual disability syndrome
882761000006114,Mental subnormality
8434071000006116,Learning Disability and Communication TOM (Therapy Outcome Measure) activity score
423481000006119,[X]Profound ment retard sig impairmnt behav req attent/treat
430061000006113,[X]Unsp mental retard with statement no or min impairm behav
8368111000006116,HoNOS-LD (Health of the Nation Outcome Scales for People with Learning Disabilities) rating scale 3B score - problems with personal behaviours
7519851000006112,"Blepharophimosis-mental retardation syndrome, Maat-Kievit-Brunner type"
3910921000006117,Mild mental retardation (Intelligence Quotient 50-70)
1142901000000119,Learning disabilities annual health assessment declined
12202441000006114,Mild intellectual disability
8365441000006117,HoNOS-LD (Health of the Nation Outcome Scales for People with Learning Disabilities) rating scale 5 - memory and orientation
1009661000006111,Cause of learning disabilities: Congenital rubella
7804551000006111,Arachnodactyly and intellectual disability with facial dysmorphism syndrome
12368911000006111,"X-linked intellectual disability, epileptic seizures, hypogonadism and hypogenitalism, microcephaly, obesity syndrome"
3267011000006111,Mental subnormality
12009551000006113,"Intellectual disability, spasticity, ectrodactyly syndrome"
988941000006119,Mental subnormality NOS
3501701000006113,"Amaurotic idiocy, juvenile type"
1775531012,"Hypogonadism, diabetes mellitus, alopecia, mental retardation and electrocardiographic abnormalities"
8367831000006119,HoNOS-LD (Health of the Nation Outcome Scales for People with Learning Disabilities) rating scale 9 score - problems associated with mood changes
7779091000006119,Syndromic X-linked intellectual disability type 11
2620491000006114,Imbecilitus phenylpyruvica
146051000006113,"Severe mental retardation, IQ in range 20-34"
3507751000006119,Adult-type amaurotic idiocy
8367661000006110,HoNOS-LD (Health of the Nation Outcome Scales for People with Learning Disabilities) rating scale 10 score - problems with sleeping
3464611000006113,"Ehlers-Danlos syndrome, mental retardation type"
8365581000006110,HoNOS-LD (Health of the Nation Outcome Scales for People with Learning Disabilities) rating scale 17 - problems with relationships
426611000006117,[X]Severe mental subnormality
7791801000006111,Congenital hypoplasia of ulna and intellectual disability syndrome
7844751000006111,"Corneal anesthesia, deafness, intellectual disability syndrome"
7953031000006113,"Marfanoid habitus, intellectual disability autosomal recessive"
8296661000006119,Assessment using SLDOM (Sheffield learning disabilities outcome measure)
7780361000006112,X-linked intellectual disability Pai type
7779291000006110,X-linked intellectual disability Van Esch type
2840131000006112,Developmental defect
7810251000006117,"Alopecia, contracture, dwarfism, intellectual disability syndrome"
12359591000006114,Hirschsprung disease-intellectual disability syndrome
12003071000006114,Autosomal recessive intellectual disability due to TRAPPC9 (trafficking protein particle complex 9) deficiency
7829441000006119,"Agenesis of corpus callosum, intellectual disability, coloboma, micrognathia syndrome"
7882081000006116,X-linked intellectual disability Hedera type
2740571000000114,Mental retardation with impairment of behaviour
7831891000006110,"Intellectual disability, craniofacial dysmorphism, hypogonadism, diabetes mellitus syndrome"
8368121000006112,"HoNOS-LD (Health of the Nation Outcome Scales for People with Learning Disabilities) rating scale 3C score - rocking, stereotyped and ritualistic behaviour"
7959041000006118,"MMR (megalocornea, mental retardation) syndrome"
1821361000006110,Intellectual functioning disability
7827481000006119,"Osteopenia, myopia, hearing loss, intellectual disability, facial dysmorphism syndrome"
423361000006118,[X]Prfnd mental retardation without mention impairment behav
7780381000006119,X-linked intellectual disability Miles-Carpenter type
12003061000006119,"Intellectual disability, obesity, brain malformation, facial dysmorphism syndrome"
12031521000006111,"X-linked intellectual disability, hypogonadism, ichthyosis, obesity, short stature syndrome"
12190771000006114,Moderate intellectual disability
3523881000006115,"Congenital insensitivity to pain, anhidrosis and mental retardation"
398411000006116,[X]Mild mental subnormality
1934631000006118,Sheffield learning disabilities outcome measure score - part 2
295662012,Other specified mental retardation NOS
8367691000006119,HoNOS-LD (Health of the Nation Outcome Scales for People with Learning Disabilities) rating scale 13 score - seizures
8296701000006110,SLDOM (Sheffield learning disabilities outcome measure) score
1009561000006110,Cause of learning disabilities: Meningitis/encephalitis
7772291000006116,Clinical Outcomes in Routine Evaluation Learning Disabilities
2536391000006113,Dwarfism-ichthyosiform erythroderma-mental deficiency syndrome
7780401000006119,"X-linked intellectual disability, microcephaly, testicular failure syndrome"
7832001000006117,"Male hypergonadotropic hypogonadism, intellectual disability, skeletal anomaly syndrome"
8365391000006116,HoNOS-LD (Health of the Nation Outcome Scales for People with Learning Disabilities) rating scale 2 - behavioural problems directed towards self (self-injury)
968201000006114,"Mental retardation, congenital heart disease, blepharophimosis, blepharoptosis and hypoplastic teeth"
7558821000006117,Brachydactyly mental retardation syndrome
2740411000000115,Moderate mental retardation with impairment of behaviour
7735001000006113,"Intellectual disability, truncal obesity, retinal dystrophy and micropenis syndrome"
12358661000006114,X-linked intellectual disability-psychosis-macroorchidism syndrome
7810311000006110,Alopecia and intellectual disability with hypergonadotropic hypogonadism syndrome
1855831000006112,Learning disability monitoring in secondary care
398761000006113,[X]Mod mental retard sig impairment behav req attent/treatmt
423501000006112,Profound intellectual disability
7683881000006112,Short stature-characteristic facies-mental retardation-macrodontia-skeletal anomalies syndrome
7876371000006111,"Cerebellar ataxia, intellectual disability, optic atrophy, skin abnormalities syndrome"
7826101000006119,Intellectual disability with cataract and kyphosis syndrome
7782241000006119,X-linked intellectual disability with dysmorphism and cerebral atrophy syndrome
12117661000006113,Assessment using HoNOS-LD (Health of the Nation Outcome Scales for People with Learning Disabilities)
2740361000000114,Severe mental retardation with minimal impairment of behaviour
1934621000006116,Sheffield learning disabilities outcome measure score - part 1
5606361000006119,Alpha thalassemia-mental retardation syndrome
12031271000006114,HIVEP2 (human immunodeficiency virus type I enhancer binding protein 2) related intellectual disability
5524061000006110,Family history: Mental retardation
6762801000006118,Learning disability
8367731000006110,HoNOS-LD (Health of the Nation Outcome Scales for People with Learning Disabilities) rating scale 17 score - problems with relationships
1872721000006112,Special education needs - specific learning disability
215821000000119,Moron
