medcodeid,term,originalreadcode,cleansedreadcode,snomedctconceptid,snomedctdescriptionid,release,emiscodecategoryid
83729012,Dyslexia training,8E23,8E23.00,50260001,83729012,,32
255260017,O/E - dyslexia,2B55,2B55.00,163933004,255260017,,27
376901000006118,[X]Developmental dyslexia,Eu810-2,Eu81012,192136006,295627019,,32
3470721000006112,"Dyslexia, learning disturbance",^ESCTDY347072,,59770006,2920630019,,32
4572021000006118,On examination - dyslexia,^ESCTON457202,,163933004,2667119015,,27
7739291000006112,Assessment using Bangor Dyslexia Test,^ESCTAS773929,,715890005,3304053010,,31
4127871000006115,Dyslexia AND/OR speech dysfunction,^ESCTDY412787,,106170009,170597012,,31
5547821000006115,Bangor dyslexia test,^ESCTBA554782,,273300002,408606010,,31
317310010,Dyslexia,R0463,R046300,59770006,99285010,,32
295629016,Developmental dyslexia,E2F02,E2F0200,192138007,295629016,,32
4997921000006115,Surface dyslexia,^ESCTSU499792,,229682005,344289016,,31
1484828010,FH: Dyslexia,129A,129A.00,390794009,1484828010,,7
4127861000006110,"Aphasia, agnosia, dyslexia AND/OR apraxia",^ESCTAP412786,,106169008,170596015,,31
7768571000006112,Bangor Dyslexia Test score,^ESCTBA776857,,718166007,3311351011,,31
6514701000006115,Family history: Dyslexia,^ESCTFA651470,,390794009,2621448011,,7
4997901000006113,Deep dyslexia,^ESCTDE499790,,229680002,344287019,,31
4997911000006111,Phonological dyslexia,^ESCTPH499791,,229681003,344288012,,31
295631013,Specific reading disorder NOS,E2F0z,E2F0z00,192136006,295627019,,32
742691000006117,Lip reading training,8E31,8E31.00,183281008,283306017,,32
3470711000006116,Specific reading retardation,^ESCTSP347071,,59770006,498539017,,32
12117481000006118,Assessment using RDLS (Reynell Developmental Language Scales) III: University of Reading Edition,^ESCT1211748,,1099251000000103,2752031000000119,,31
7805121000006114,RCBA-2 - Reading Comprehension Battery for Aphasia Second Edition,^ESCTRC780512,,720547004,3321180013,,31
8363341000006114,GSRT (Gray Silent Reading Tests) score,^ESCTGS836334,,981891000000101,2497211000000118,,31
5555201000006115,RCBA - Reading comprehension for aphasia,^ESCTRC555520,,273736002,409332018,,31
5549461000006119,Daniels and Diack reading tests,^ESCTDA554946,,273391006,1775589018,,31
8363211000006118,Assessment using Reading Comprehension Battery for Aphasia,^ESCTAS836321,,981591000000103,2496411000000116,,31
12117491000006115,RDLS (Reynell Developmental Language Scales) III: University of Reading Edition Comprehension Scale score,^ESCT1211749,,1099261000000100,2752051000000114,,31
8365781000006115,Salford Sentence Reading Test score,^ESCTSA836578,,985821000000102,2506731000000111,,31
7746221000006118,Holborn Reading Scale,^ESCTHO774622,,716368005,3305709019,,31
5557511000006111,Vernon graded word reading test,^ESCTVE555751,,273892008,409573018,,31
7431721000006110,Assistive talking reading material,^ESCTAS743172,,465780002,2945827017,,31
7828811000006113,Schonell graded reading test,^ESCTSC782881,,722225007,3331249018,,31
7782451000006116,Assessment using Schonell Reading Test,^ESCTAS778245,,719153003,3315183015,,31
8363221000006114,RCBA (Reading Comprehension Battery for Aphasia) score,^ESCTRC836322,,981601000000109,2496451000000117,,31
5955391000006112,Referral to lip/speech-reading teacher,^ESCTRE595539,,306369004,449372012,,31
8363201000006116,Assessment using RCBA (Reading Comprehension Battery for Aphasia),^ESCTAS836320,,981591000000103,2496421000000110,,31
2879271000006110,Reading problem,^ESCTRE287927,,23766009,39902015,,31
7782461000006119,Holborn Reading Scale score,^ESCTHO778246,,719154009,3315185010,,31
5951371000006114,Referral from lip/speech-reading teacher,^ESCTRE595137,,306094005,448970017,,31
6584421000006117,Reading add,^ESCTRE658442,,397282003,1785765019,,31
8363051000006114,Assessment using Neale Analysis of Reading Ability - Revised Edition,^ESCTAS836305,,981361000000102,2495751000000115,,31
7781921000006111,Assessment using Reading Comprehension Battery for Aphasia Second Edition,^ESCTAS778192,,719119002,3315076012,,31
7771671000006110,Schonell Reading Test score,^ESCTSC777167,,718389008,3312041019,,31
7805131000006112,Reading Comprehension Battery for Aphasia Second Edition,^ESCTRE780513,,720547004,3320889015,,31
7782431000006111,Assessment using Gray Silent Reading Test,^ESCTAS778243,,719151001,3315178011,,31
5553411000006117,National adult reading test,^ESCTNA555341,,273640001,409179012,,31
7755861000006115,GSRT - Gray Silent Reading Test,^ESCTGS775586,,717040009,3308326014,,31
5548521000006119,BAS - British ability scales reading test,^ESCTBA554852,,273337008,408683016,,31
7424361000006118,"Assistive reading device, video",^ESCTAS742436,,464923002,2941171012,,31
7539981000006119,Braille reading material,^ESCTBR753998,,700901008,2991661013,,31
8363231000006112,Reading Comprehension Battery for Aphasia score,^ESCTRE836323,,981601000000109,2496441000000115,,31
6010261000006118,Speeded reading of word lists,^ESCTSP601026,,311855004,1775715018,,31
7771661000006115,Assessment using Standard Reading Tests,^ESCTAS777166,,718388000,3312036010,,31
4421521000006111,Reading printed material,^ESCTRE442152,,129017009,207717016,,31
8084851000006117,"Reynell developmental language scales III, University of Reading edition",^ESCTRE808485,,279041000000108,479121000000117,,31
8363041000006112,Assessment using NARA (Neale Analysis of Reading Ability) - Revised Edition,^ESCTAS836304,,981361000000102,2495761000000117,,31
5553431000006111,Neale analysis of reading ability,^ESCTNE555343,,273641002,409180010,,31
3356491000006114,Developmental reading disorder,^ESCTDE335649,,52824009,87896017,,31
5953171000006113,Referral to speech-reading training service,^ESCTRE595317,,306221004,449162015,,31
8363071000006116,NARA (Neale Analysis of Reading Ability) - Revised Edition score,^ESCTNA836307,,981381000000106,2495811000000112,,31
7782441000006118,Assessment using Holborn Reading Scale,^ESCTAS778244,,719152008,3315181018,,31
5318231000006114,Speech-reading test,^ESCTSP531823,,252593004,376221014,,31
5552531000006115,MacMillan reading test,^ESCTMA555253,,273583003,409081012,,31
8261321000006114,Oral reading observation,^ESCTOR826132,,811891000000106,2117711000000110,,31
5553421000006113,NART - National adult reading test,^ESCTNA555342,,273640001,409178016,,31
7781911000006115,Assessment using RCBA-2 (Reading Comprehension Battery for Aphasia Second Edition),^ESCTAS778191,,719119002,3315077015,,31
8424351000006113,Phonology with Reading programme,^ESCTPH842435,,1046861000000104,2637701000000118,,31
5597961000006114,FADAST - Four alternative disability and speech-reading test,^ESCTFA559796,,277351007,413839017,,31
5547591000006116,Assessing reading difficulties,^ESCTAS554759,,273285006,408584019,,31
7805181000006113,RCBA-2 (Reading Comprehension Battery for Aphasia Second Edition) score,^ESCTRC780518,,720552009,3321185015,,31
7782421000006113,Assessment using GSRT (Gray Silent Reading Test),^ESCTAS778242,,719151001,3315180017,,31
8363351000006111,Gray Silent Reading Tests score,^ESCTGR836335,,981891000000101,2497201000000115,,31
8363011000006113,NARA (Neale Analysis of Reading Ability) - Revised Edition,^ESCTNA836301,,981341000000103,2495711000000119,,31
5318241000006116,Lip-reading test,^ESCTLI531824,,252593004,376222019,,31
8363331000006116,Gray Silent Reading Tests,^ESCTGR836333,,981871000000100,2497141000000110,,31
8363081000006118,Neale Analysis of Reading Ability - Revised Edition score,^ESCTNE836308,,981381000000106,2495801000000110,,31
5231401000006112,Near reading technique,^ESCTNE523140,,246504005,368249010,,31
3356501000006118,Reading disorder,^ESCTRE335650,,52824009,87897014,,31
295627019,Specific reading disorder,E2F0,E2F0.00,192136006,295627019,,32
7601061000006114,Reading assistive device,^ESCTRE760106,,705379004,3024020010,,31
7785021000006114,Assessment using National Adult Reading Test,^ESCTAS778502,,719314001,3315956015,,31
7793271000006119,New Salford Sentence Reading Test score,^ESCTNE779327,,719941003,3318537015,,31
6667061000006116,In situ superficial spreading malignant melanoma,^ESCTIN666706,,402556000,1787588019,,31
12117501000006111,RDLS (Reynell Developmental Language Scales) III: University of Reading Edition Expressive Scale score,^ESCT1211750,,1099271000000107,2752071000000117,,31
5557501000006113,Vernon Cloze procedure reading test,^ESCTVE555750,,273891001,409572011,,31
7771901000006114,Standard Reading Tests score,^ESCTST777190,,718412009,3312206011,,31
5548511000006110,British ability scales reading test,^ESCTBR554851,,273337008,408682014,,31
8363321000006119,GSRT (Gray Silent Reading Tests),^ESCTGS836332,,981871000000100,2497151000000113,,31
7768361000006112,NART (National Adult Reading Test) score,^ESCTNA776836,,718153007,3311316015,,31
7781951000006119,Assessment using New Salford Sentence Reading Test,^ESCTAS778195,,719121007,3315082010,,31
5555801000006116,Salford reading test,^ESCTSA555580,,273779000,409396017,,31
5390561000006118,Moorfields reading book test,^ESCTMO539056,,258053000,384086015,,31
4721801000006113,Finger-reading training,^ESCTFI472180,,183282001,283307014,,32
5706401000006118,Bar reading exercises,^ESCTBA570640,,285788002,424929018,,31
5995381000006118,Speech-reading training service,^ESCTSP599538,,310018006,453556019,,31
3470701000006119,Specific reading difficulty,^ESCTSP347070,,59770006,498538013,,32
710151000006112,Finger reading training,8E32,8E32.00,183282001,283307014,,32
295628012,Reading disorder unspecified,E2F00,E2F0000,192136006,295627019,,32
915091000006115,Visual impairment: difficulty reading newspaper print,EMISNQVI5,,915091000006104,915091000006115,,27
5997611000006111,Lip/speech-reading teacher,^ESCTLI599761,,310198007,453791012,,31
7408761000006118,Lip-reading training device,^ESCTLI740876,,463142007,2933500011,,31
12116811000006113,ALPS (Aphasia Language Performance Scales) reading scale score,^ESCT1211681,,1098351000000100,2750041000000112,,31
7805191000006111,Reading Comprehension Battery for Aphasia Second Edition score,^ESCTRE780519,,720552009,3321184016,,31
7785011000006118,Assessment using NART (National Adult Reading Test),^ESCTAS778501,,719314001,3317420010,,31
8365761000006113,Assessment using Salford Sentence Reading Test,^ESCTAS836576,,985811000000108,2506711000000115,,31
6919081000006118,Reading card,^ESCTRE691908,,418295001,2580212011,,31
7409381000006116,Reading assistive training device,^ESCTRE740938,,463212002,2933054018,,31
5597951000006112,Four alternative disability and speech-reading test,^ESCTFO559795,,277351007,413840015,,31
7755871000006110,Gray Silent Reading Test,^ESCTGR775587,,717040009,3308245019,,31
5555191000006118,Reading comprehension battery for aphasia,^ESCTRE555519,,273736002,409331013,,31
7768351000006110,National Adult Reading Test score,^ESCTNA776835,,718153007,3311315016,,31
7793261000006114,New Salford Sentence Reading Test,^ESCTNE779326,,719940002,3318535011,,31
5951361000006119,Referral by lip/speech-reading teacher,^ESCTRE595136,,306094005,448969018,,31
4721781000006114,Lip-reading training,^ESCTLI472178,,183281008,283306017,,32
427291000006110,[X]Specific reading disorder,Eu810,Eu81000,192136006,295627019,,32
427301000006111,[X]Specific reading retardation,Eu810-3,Eu81013,192136006,295627019,,32
427331000006115,[X]Specific spelling retardation without reading disorder,Eu811-1,Eu81111,268738002,401908016,,32
982651000006110,Difficulty reading or writing,EMISCDI56,,982651000006106,982651000006110,,27
6008771000006118,Lip spreading exercise,^ESCTLI600877,,311715008,455328014,,31
8363021000006117,Neale Analysis of Reading Ability - Revised Edition,^ESCTNE836302,,981341000000103,2495701000000116,,31
7471991000006111,Large letter reading material,^ESCTLA747199,,470445001,2940277014,,31
16222019,Word blindness,E2F01-1,E2F0111,9236007,16222019,,32
92487017,Dyscalculia,E2F1,E2F1.00,55640002,92487017,,32
295633011,Specific learning difficulty,E2F2,E2F2.00,161129001,251223010,,17
12702211000006116,Specific learning difficulty,^ESCT1270221,,889211000000104,2290321000000117,,32
1872721000006112,Special education needs - specific learning disability,EMISNQSP33,,1872721000006108,1872721000006112,,37
907741000006115,[RFC] Specific learning problems,HNG0250,,907741000006104,907741000006115,,12
7742941000006115,Assessment using Graded Word Spelling Test,^ESCTAS774294,,716136009,3304857012,,31
7462261000006113,Finger spelling training device,^ESCTFI746226,,469336007,2935415011,,31
133581000006116,Specific spelling disorder,E2F03,E2F0300,268738002,401908016,,32
427321000006118,[X]Specific spelling disorder,Eu811,Eu81100,268738002,401908016,,32
7798861000006117,Graded Word Spelling Test score,^ESCTGR779886,,720209008,3319772014,,31
7741331000006115,Assessment using Schonell Graded Spelling Test,^ESCTAS774133,,716036007,3304540015,,31
5548541000006114,BAS - British ability scales spelling test,^ESCTBA554854,,273338003,408684010,,31
5548531000006116,British ability scales spelling test,^ESCTBR554853,,273338003,408685011,,31
7804151000006118,Schonell Graded Spelling Test score,^ESCTSC780415,,720481007,3320977018,,31
7828771000006113,Schonell graded spelling test,^ESCTSC782877,,722217005,3331195016,,31
5549471000006114,Daniels and Diack graded word spelling test,^ESCTDA554947,,273392004,1775590010,,31
7752801000006113,Graded Word Spelling Test,^ESCTGR775280,,716838007,3310301010,,31
5552971000006113,Midlands spelling test,^ESCTMI555297,,273613001,409131017,,31
427261000006119,[X]Specific developmental disorders of speech and language,Eu80,Eu80.00,268672004,401825015,,32
2578351000006116,Specific developmental disorder of motor function,^ESCTSP257835,,4949009,495419017,,31
5506781000006118,Specific developmental disorder of motor function,^ESCTSP550678,,268674003,2990172011,,32
2670451000006119,Specific developmental disorder,^ESCTSP267045,,10720004,18623010,,32
1495285013,[X]Specific developmental disorder of motor function,Eu82,Eu82.00,268674003,401828018,,32
296643017,[X]Specific developmental disorders of scholastic skills,Eu81,Eu81.00,1855002,4203013,,32
1927811000006115,Attention deficit hyperactivity disorder review,EMISNQAT45,,1927811000006104,1927811000006115,,1
295621018,Child attention deficit disorder NOS,E2E0z,E2E0z00,192127007,295618015,,32
498881000006117,Attention deficit with hyperactivity,E2E01,E2E0100,406506008,2158158016,,32
6728621000006117,Attention deficit hyperkinetic disorder,^ESCTAT672862,,406506008,2163265016,,32
3068181000006111,Attention deficit disorder without hyperactivity,^ESCTAT306818,,35253001,486107012,,32
6728571000006115,ADHD - Attention deficit disorder with hyperactivity,^ESCTAD672857,,406506008,2163260014,,32
7562641000006117,Stimulant drug therapy for attention deficit hyperactivity disorder,^ESCTST756264,,702536007,3004339015,,32
8194021000006113,ADHD (attention deficit hyperactivity disorder) monitoring invitation first letter,^ESCTAD819402,,516401000000106,1149951000000111,,37
7295241000006115,Adult attention deficit disorder,^ESCTAD729524,,444613000,2872272017,,31
7511481000006119,"Attention deficit hyperactivity disorder, predominantly hyperactive impulsive type in remission",^ESCTAT751148,,698692009,2975217013,,31
7178621000006110,"Family history of attention deficit hyperactivity disorder, predominantly inattentive type",^ESCTFA717862,,433380009,2771102012,,31
7566971000006119,"Attention deficit hyperactivity disorder, inattentive presentation (restrictive)",^ESCTAT756697,,702815001,3006254010,,31
3002681000006116,"Attention deficit hyperactivity disorder, combined type",^ESCTAT300268,,31177006,52170015,,31
12088381000006116,Adult ADHD (attention deficit hyperactivity disorder) Self-Report Scale,^ESCT1208838,,769390009,3694460017,,31
7178631000006113,Family history of attention deficit disorder,^ESCTFA717863,,433380009,2765862019,,31
3002701000006118,Attention deficit hyperactivity disorder combined,^ESCTAT300270,,31177006,2951738010,,31
1742551000006110,Attention deficit hyperactivity disorder monitoring invitation second letter,9Ol9,9Ol9.00,516891000000101,1151111000000113,,37
1742561000006112,Attention deficit hyperactivity disorder monitoring invitation third letter,9OlA,9OlA.00,516911000000103,1151151000000112,,37
1885241000006112,Non-stimulant drug therapy for ADHD (attention deficit hyperactivity disorder),8BPT1,8BPT100,703314001,3008276010,,32
1886761000006110,On stimulant drug therapy for ADHD (attention deficit hyperactivity disorder),9Ngp0,9Ngp000,886391000000109,2284291000000118,,37
486106015,Attention deficit disorder,Eu9y7,Eu9y700,35253001,486108019,,32
1886751000006113,On drug therapy for ADHD (attention deficit hyperactivity disorder),9Ngp,9Ngp.00,886371000000105,2284251000000114,,37
1886771000006115,On non-stimulant drug therapy for ADHD (attention deficit hyperactivity disorder),9Ngp1,9Ngp100,886411000000109,2284331000000113,,37
2869091000006111,Undifferentiated attention deficit disorder,^ESCTUN286909,,23148009,38875010,,31
3068151000006115,"Attention deficit hyperactivity disorder, predominantly inattentive type",^ESCTAT306815,,35253001,58824018,,32
3068161000006118,ADD - Attention deficit disorder,^ESCTAD306816,,35253001,486104017,,32
3068171000006113,ADD - Attention deficit disorder without hyperactivity,^ESCTAD306817,,35253001,486105016,,32
8213881000006116,ADHD (attention deficit hyperactivity disorder) annual review,^ESCTAD821388,,710071000000106,1551761000000116,,1
3002691000006118,Attention deficit hyperactivity disorder combined type,^ESCTAT300269,,31177006,2920939015,,31
2618651000006112,"Attention deficit hyperactivity disorder, hyperactive impulsive type",^ESCTAT261865,,7461003,2921125014,,31
7295231000006113,Adult attention deficit hyperactivity disorder,^ESCTAD729523,,444613000,2872273010,,31
486109010,Attention deficit without hyperactivity,E2E00,E2E0000,35253001,486109010,,32
295618015,Child attention deficit disorder,E2E0,E2E0.00,192127007,295618015,,32
8036821000006113,Long term current use of drug therapy for attention deficit hyperactivity disorder,^ESCTLO803682,,117431000119101,3437553013,,31
366481000006113,Attention deficit hyperactivity disorder,Eu900-1,Eu90011,406506008,2158158016,,32
7562671000006113,Drug therapy for attention deficit hyperactivity disorder,^ESCTDR756267,,702538008,3004376017,,32
1885231000006119,Stimulant drug therapy for ADHD (attention deficit hyperactivity disorder),8BPT0,8BPT000,702536007,3004379012,,32
7111941000006110,Family history of attention deficit hyperactivity disorder,^ESCTFA711194,,429950008,2764072010,,31
1742541000006113,Attention deficit hyperactivity disorder monitoring invitation first letter,9Ol8,9Ol8.00,516401000000106,1149891000000114,,37
7111951000006112,Family history attention deficit hyperactive disorder,^ESCTFA711195,,429950008,2951714011,,31
2618641000006110,"Attention deficit hyperactivity disorder, predominantly hyperactive impulsive type",^ESCTAT261864,,7461003,13310014,,31
7573831000006114,Non-stimulant drug therapy for attention deficit hyperactivity disorder,^ESCTNO757383,,703314001,3008318015,,32
7511451000006110,"Attention deficit hyperactivity disorder, predominantly inattentive type in remission",^ESCTAT751145,,698689005,2975359012,,31
1551611000000112,Attention deficit hyperactivity disorder annual review,6A61,6A61.00,710071000000106,1551611000000112,,1
1885221000006117,Drug therapy for ADHD (attention deficit hyperactivity disorder),8BPT,8BPT.00,702538008,3004359016,,32
12088391000006118,ASRS - Adult ADHD Self-Report Scale,^ESCT1208839,,769390009,3694461018,,31
8036831000006111,Long term ADHD medication therapy,^ESCTLO803683,,117431000119101,3437554019,,31
982481000006117,Dyspraxia,EMISCDY3,,982481000006101,982481000006117,,27
2537294014,[D]Oral dyspraxia,R0469-1,R046911,361275004,478060012,,32
4998321000006115,Ideomotor dyspraxia,^ESCTID499832,,229706001,344331013,,31
3579721000006111,Ideational dyspraxia,^ESCTID357972,,66397001,500401016,,31
4076961000006111,Dyspraxia of arm,^ESCTDY407696,,102561001,165854014,,31
8436331000006110,Dyspraxia TOM (Therapy Outcome Measure) activity score,^ESCTDY843633,,1063621000000106,2672601000000112,,31
4998161000006111,Oral-verbal dyspraxia,^ESCTOR499816,,229697008,344316016,,31
5619261000006118,Speech and language dyspraxias,^ESCTSP561926,,278920007,415986015,,31
5553491000006110,Newcastle dyspraxia assessment,^ESCTNE555349,,273646007,409186016,,31
6772911000006117,On examination - dyspraxia,^ESCTON677291,,409090001,2470909019,,31
4998171000006116,Articulatory dyspraxia,^ESCTAR499817,,229698003,344318015,,31
4998241000006115,DAD - Developmental articulatory dyspraxia,^ESCTDA499824,,229701006,344323015,,31
6007101000006114,Dyspraxia program,^ESCTDY600710,,311566000,455158014,,31
6221581000006117,Verbal dyspraxia,^ESCTVE622158,,361277007,478065019,,31
2941891000006119,Developmental dyspraxia,^ESCTDE294189,,27544004,2958128016,,31
4998351000006112,Tongue tip dyspraxia,^ESCTTO499835,,229709008,344335016,,31
4998331000006117,Dyspraxia of velopharynx,^ESCTDY499833,,229707005,344333011,,31
5548271000006116,Blakely dyspraxia assessment,^ESCTBL554827,,273322009,408656017,,31
5553621000006111,Nuffield dyspraxia program,^ESCTNU555362,,273655005,409201016,,31
8436341000006117,Dyspraxia TOM (Therapy Outcome Measure) carer wellbeing score,^ESCTDY843634,,1063631000000108,2672611000000114,,31
6007091000006115,Dyspraxia programme,^ESCTDY600709,,311566000,455159018,,31
7026221000006118,Gait dyspraxia,^ESCTGA702622,,424429009,2643281013,,31
8436351000006115,Dyspraxia TOM (Therapy Outcome Measure) impairment score,^ESCTDY843635,,1063641000000104,2672621000000115,,31
12026171000006114,"Rolandic epilepsy, speech dyspraxia syndrome",^ESCT1202617,,765093009,3656385015,,31
3373461000006112,Constructional dyspraxia,^ESCTCO337346,,53863007,496783016,,31
376931000006114,[X]Developmental dyspraxia,Eu82-3,Eu82.13,268674003,401828018,,32
2535819010,O/E - dyspraxia,2B53-1,2B53.11,6950007,12478019,,27
4998261000006116,Developmental verbal dyspraxia,^ESCTDE499826,,229703009,344327019,,31
8436371000006113,Dyspraxia TOM (Therapy Outcome Measure) wellbeing score,^ESCTDY843637,,1063661000000103,2672641000000110,,31
4571971000006113,O/E - dyspraxia,^ESCTOE457197,,163931002,2535819010,,27
2535852016,Oculomotor dyspraxia,F4835-2,F483512,193662007,2535852016,,32
633391000006114,Dyspraxia,E2F4-2,E2F4.12,6950007,12478019,,27
5553611000006115,Nuffield dyspraxia programme,^ESCTNU555361,,273655005,409202011,,31
5553601000006118,Nuffield dyspraxia assessment,^ESCTNU555360,,273654009,409200015,,31
4998291000006112,Mixed acquired dyspraxia,^ESCTMI499829,,229705002,344329016,,31
8436361000006118,Dyspraxia TOM (Therapy Outcome Measure) participation score,^ESCTDY843636,,1063651000000101,2672631000000118,,31
4998231000006113,Developmental articulatory dyspraxia,^ESCTDE499823,,229701006,344322013,,31
6221561000006110,Oral dyspraxia,^ESCTOR622156,,361275004,478060012,,32
4998341000006110,Velar dyspraxia,^ESCTVE499834,,229708000,344334017,,31
4998281000006114,Acquired choreiform dyspraxia,^ESCTAC499828,,229704003,344328012,,31
4997871000006113,Deep dysgraphia,^ESCTDE499787,,229677003,344284014,,31
4997881000006111,Phonological dysgraphia,^ESCTPH499788,,229678008,344285010,,31
317129014,Dysgraphia,R0132,R013200,88278002,146350012,,32
4997891000006114,Surface dysgraphia,^ESCTSU499789,,229679000,344286011,,31
8444591000006113,Difficulty writing for lessons,^ESCTDI844459,,1071291000000102,2689921000000111,,31
5883721000006114,Difficulty writing check,^ESCTDI588372,,300704000,3304513015,,31
4082911000006116,Difficulty writing,^ESCTDI408291,,102938007,256730019,,31
5883711000006118,Difficulty writing cheque,^ESCTDI588371,,300704000,3304512013,,31
8444601000006117,Difficulty writing messages,^ESCTDI844460,,1071301000000103,2689931000000113,,31
8444611000006119,Difficulty writing own name,^ESCTDI844461,,1071311000000101,2689341000000117,,31
8444581000006110,Difficulty writing for examinations,^ESCTDI844458,,1071281000000104,2689911000000117,,31
3275221000006113,Mathematics disorder,^ESCTMA327522,,47916000,79855019,,31
